"rownames(mosquito_vir)","aa","ac","ag","at","ca","cc","cg","ct","ga","gc","gg","gt","ta","tc","tg","tt"
"734985.1_8_1",1538,614,732,1387,836,293,132,563,802,432,401,479,1095,485,849,1037
"A334184.1_23_2",70,40,39,54,62,39,14,44,41,40,40,31,30,40,59,58
"735095.1_50_3",885,376,446,774,507,194,123,316,512,242,212,269,577,328,454,543
"734985.1_62_4",62,37,43,55,64,26,12,48,39,43,44,35,32,44,62,55
"734984.1_63_5",67,36,45,57,58,34,11,42,41,35,42,38,39,40,58,58
"734956.1_97_6",1425,664,752,1273,917,376,213,583,799,461,408,510,973,588,805,916
"735004.1_148_7",506,236,259,446,334,134,53,237,246,189,151,199,361,199,322,333
"734950.1_156_8",42,36,55,48,61,27,15,51,43,49,42,38,35,42,60,57
"735014.1_178_9",491,240,264,455,344,142,68,214,254,161,146,215,361,225,298,327
"735082.1_212_10",884,375,447,777,511,192,122,315,510,242,209,269,578,331,452,541
"689022.1_271_11",959,865,888,720,994,718,519,581,850,657,606,643,629,571,743,543
"689024.1_273_12",961,858,887,725,990,720,522,583,851,661,607,642,629,576,745,537
"689034.1_283_13",964,863,891,727,997,723,522,581,853,658,606,644,630,579,743,541
"689035.1_284_14",963,864,890,723,996,725,520,579,851,656,605,643,630,574,741,537
"846595.1_305_15",1521,688,897,1284,953,354,97,607,886,390,489,551,1029,579,833,1095
"846603.1_330_16",899,376,486,783,529,193,61,329,516,206,239,258,599,337,433,625
"A257761.1_334_17",105,44,74,63,62,30,11,53,68,38,57,49,50,44,71,91
"A257768.1_339_18",58,27,40,72,40,26,7,28,52,19,23,21,46,29,45,46
"C_001927.1_362_19",651,322,381,500,424,167,64,285,355,226,243,270,423,225,406,476
"C_001925.1_363_20",906,342,523,768,500,168,46,342,512,230,217,273,620,316,446,665
"063897.1_365_21",1580,647,874,1330,925,327,80,635,861,400,445,526,1065,593,833,1096
"100152.1_405_22",531,252,313,457,362,128,41,221,273,170,195,231,386,202,320,380
"C_034489.1_414_23",928,344,504,780,469,162,91,319,564,220,246,261,596,314,450,606
"254795.1_424_24",119,44,93,87,71,34,16,61,78,48,65,52,75,56,69,99
"C500216.1_438_25",1085,890,944,733,943,743,633,628,918,756,723,670,705,559,767,491
"703955.1_470_26",1084,889,940,726,943,741,631,626,915,751,724,667,697,559,763,479
"703970.1_474_27",1085,886,938,730,938,740,632,625,915,749,725,668,701,559,763,481
"703994.1_480_28",1082,887,938,729,938,739,632,625,915,751,725,668,701,556,765,484
"451622.1_515_29",1039,883,927,707,925,731,633,628,906,750,721,669,685,553,765,491
"559493.1_519_30",1038,881,927,712,926,734,633,623,905,749,723,668,688,552,762,492
"559472.1_537_31",1039,882,926,709,928,733,635,623,907,752,722,666,681,552,764,489
"C259090.1_566_32",1037,883,926,706,929,732,635,623,907,752,721,667,678,552,765,490
"046230.1_571_33",1040,881,927,708,929,733,634,621,907,751,721,666,680,552,762,490
"046234.1_575_34",1039,883,927,707,930,733,632,622,907,750,720,666,680,551,763,492
"045797.1_595_35",1044,893,925,697,940,738,624,627,902,749,713,660,672,549,763,482
"703914.1_612_36",1038,878,924,704,927,735,634,620,903,751,720,660,676,551,757,480
"T192707.1_642_37",1034,872,917,702,919,727,632,614,900,746,718,659,671,547,756,474
"807899.1_716_38",1024,912,902,656,959,724,615,646,875,751,706,643,635,558,752,452
"974204.1_733_39",1020,907,906,655,957,730,607,651,878,757,705,638,632,552,760,455
"974209.1_738_40",1024,907,906,658,960,728,605,652,877,758,704,634,633,553,758,453
"T526807.1_762_41",982,902,895,633,954,717,599,637,867,743,697,630,608,545,746,451
"402892.1_778_42",1021,904,906,651,960,735,602,653,873,758,710,636,627,553,759,444
"445484.2_784_43",1024,910,899,656,958,724,610,645,872,747,706,642,636,555,752,453
"680400.1_822_44",1011,866,907,688,915,723,628,611,889,743,712,654,657,544,752,474
"045812.1_835_45",1019,915,904,650,956,737,608,643,880,751,701,634,632,541,753,449
"009167.1_844_46",1023,910,899,650,957,726,610,644,872,747,706,640,631,553,750,445
"796845.1_853_47",1029,914,897,648,963,721,610,646,871,749,708,636,626,556,748,441
"796846.1_854_48",1025,915,898,649,963,720,609,646,872,746,706,638,628,557,748,443
"045822.1_882_49",1024,913,894,650,950,724,611,642,875,744,700,639,631,547,753,454
"445427.2_919_50",1023,907,897,647,958,716,601,645,867,746,701,637,626,551,752,442
"993756.1_942_51",998,905,900,646,952,730,604,636,875,742,700,642,624,546,754,449
"164570.1_962_52",1011,905,892,646,952,729,599,632,868,737,699,643,623,541,757,441
"003812.1_1029_53",987,899,876,629,941,713,607,634,866,743,709,625,597,541,751,442
"T636909.1_1039_54",983,897,879,627,938,723,612,621,865,735,697,636,599,539,745,434
"T636920.1_1049_55",985,898,879,627,940,723,610,621,864,734,696,636,599,539,745,434
"680384.1_1055_56",958,848,891,665,898,712,621,599,877,735,705,645,629,535,745,462
"423798.1_1059_57",967,896,879,626,940,710,601,635,860,738,696,630,601,541,748,444
"756625.1_1061_58",964,889,883,626,943,711,598,641,856,750,694,626,599,543,751,436
"120201.1_1085_59",952,888,871,618,941,704,599,630,849,737,693,621,588,544,737,433
"551552.1_1087_60",947,891,875,612,937,706,600,630,851,738,691,624,591,538,738,435
"703889.1_1108_61",912,834,869,641,882,702,619,590,860,729,698,639,602,528,740,461
"703894.1_1111_62",912,837,869,642,884,701,617,589,858,726,699,639,606,527,737,463
"703934.1_1126_63",912,835,868,642,882,703,619,588,860,729,698,638,603,525,740,464
"386867.1_1175_64",1113,729,889,720,907,529,247,544,993,501,783,485,437,469,843,549
"923048.1_1189_65",1216,742,915,730,939,485,221,522,983,498,795,464,464,442,809,511
"672564.1_1239_66",1104,722,892,711,896,529,245,568,977,497,797,500,451,490,837,518
"032590.1_1241_67",1097,704,893,720,887,523,263,553,988,499,792,506,441,500,837,531
"122232.1_1243_68",1086,699,900,736,904,516,244,531,996,497,808,500,434,483,849,551
"081250.1_1268_69",1113,711,889,729,896,521,253,550,990,511,786,484,442,477,843,539
"081251.1_1269_70",1113,711,889,729,896,520,252,551,990,511,786,484,442,477,844,539
"081264.1_1280_71",1115,711,888,729,896,519,253,549,988,510,788,485,443,477,842,541
"081272.1_1288_72",1110,711,889,731,896,518,252,550,989,508,787,486,445,479,842,541
"081254.2_1300_73",1114,713,887,728,898,521,253,549,989,509,787,485,440,478,843,540
"G398255.1_1305_74",1109,718,894,718,897,522,248,560,985,511,788,487,447,476,841,530
"469967.1_1307_75",1116,710,891,726,891,524,260,544,984,513,792,485,451,472,831,544
"469968.1_1308_76",1105,718,893,722,900,521,252,557,988,512,787,486,444,479,841,529
"332180.1_1312_77",1092,715,895,725,904,515,252,534,994,498,806,497,436,477,842,552
"697058.1_1333_78",1104,712,893,722,900,525,256,549,988,514,791,486,438,479,839,537
"C692506.1_1349_79",1091,715,894,723,906,523,248,532,994,495,809,502,431,476,849,546
"C762643.1_1384_80",1104,713,896,726,899,521,246,555,991,507,784,488,444,480,844,536
"C762651.1_1392_81",1099,715,897,712,910,519,248,554,975,501,789,508,438,496,839,534
"G679800.1_1424_82",1103,721,888,728,898,526,252,541,996,499,791,489,442,472,844,544
"033202.1_1430_83",1103,723,892,722,898,517,247,555,992,501,785,492,446,476,846,539
"033207.1_1433_84",1115,711,887,728,895,520,253,546,990,509,790,488,440,474,847,541
"033247.1_1458_85",1114,707,891,726,886,513,255,551,991,511,786,490,446,474,846,547
"018322.1_1500_86",1118,711,889,722,889,517,262,548,990,512,786,489,442,476,840,543
"823207.1_1536_87",1112,707,894,726,902,524,250,551,987,510,778,493,437,486,846,524
"457904.1_1550_88",1104,706,993,697,915,512,235,542,1022,520,781,465,458,466,779,528
"827536.1_1583_89",1167,742,935,706,927,480,236,556,1025,480,747,462,430,498,796,536
"827537.1_1584_90",1163,745,931,712,931,473,233,562,1019,480,740,462,437,502,797,536
"018345.1_1610_91",1217,722,924,716,930,507,232,536,996,483,743,470,435,494,793,525
"018348.1_1613_92",1164,735,937,712,928,479,234,553,1018,485,748,464,437,496,796,537
"018357.1_1622_93",1173,728,930,716,926,483,238,549,1022,481,752,463,425,505,798,534
"018359.1_1624_94",1167,735,945,700,922,485,234,556,1020,486,745,469,437,492,796,534
"018363.1_1628_95",1171,731,936,706,930,483,226,543,1012,477,753,479,430,492,806,548
"272404.1_1632_96",1182,714,932,721,936,513,231,522,1014,477,748,479,417,498,807,532
"A022435.1_1636_97",1204,712,933,721,939,520,233,530,1000,490,743,467,426,500,791,513
"A119661.1_1643_98",1178,730,924,712,922,501,242,541,1011,482,757,472,433,493,799,525
"A169688.1_1656_99",1205,712,930,723,939,518,233,529,999,489,743,467,426,500,792,517
"A189123.1_1664_100",1173,720,926,709,910,487,246,551,1013,487,753,471,431,500,799,546
"181806.1_1675_101",1193,709,933,725,940,512,232,527,995,488,754,470,431,502,788,523
"081179.1_1682_102",1174,732,948,698,931,493,233,541,1013,479,744,480,433,494,791,538
"G398279.1_1707_103",1186,725,930,715,919,506,236,540,1006,471,752,479,444,499,790,523
"C294211.1_1753_104",1193,721,925,722,919,506,230,541,998,476,758,475,450,493,794,521
"041232.1_1767_105",1160,716,932,716,929,508,233,535,1010,491,766,469,424,490,805,538
"041236.1_1771_106",1171,718,936,713,937,516,237,526,1015,489,753,467,414,493,798,537
"C762657.1_1775_107",1170,730,940,707,924,483,231,545,1012,474,751,478,440,496,793,548
"204118.1_1801_108",1169,726,937,707,933,513,237,530,1012,476,754,482,424,498,796,523
"279515.1_1803_109",1179,732,935,697,928,497,228,550,1008,481,751,475,427,493,801,540
"279546.1_1830_110",1175,729,935,701,929,493,226,550,1008,480,753,475,427,496,802,543
"279571.1_1853_111",1180,731,934,701,925,499,229,550,1008,481,751,473,432,492,799,537
"279573.1_1855_112",1181,731,934,701,924,498,229,551,1007,481,751,473,434,492,798,537
"380818.1_1892_113",1158,738,941,707,923,479,237,558,1026,479,745,466,436,501,793,535
"G721056.1_1923_114",1184,719,929,724,927,504,225,530,1008,480,760,469,436,483,803,541
"513444.1_1927_115",1161,735,939,709,925,472,234,558,1022,483,749,465,435,499,797,539
"A702039.1_1942_116",1193,723,929,721,928,500,233,539,997,477,754,473,447,500,785,522
"A298808.1_1977_117",1101,712,893,720,903,526,239,535,982,493,786,515,440,472,857,546
"920830.1_2009_118",1190,717,934,722,922,495,234,537,999,475,756,477,452,501,783,522
"920837.1_2010_119",1197,733,921,714,927,507,231,548,994,479,760,467,447,494,788,509
"940237.1_2013_120",1182,711,927,719,939,518,230,514,1006,481,759,477,411,491,807,543
"940245.1_2021_121",1176,711,930,720,941,518,229,513,1009,480,758,478,410,492,808,542
"940252.1_2028_122",1176,712,930,719,941,518,229,512,1009,481,758,477,410,489,808,546
"543450.1_2033_123",1168,734,943,707,924,483,235,550,1027,479,747,464,432,496,792,531
"850114.1_2041_124",1090,704,895,729,896,517,251,531,992,492,802,503,439,482,841,549
"403589.1_2057_125",1081,714,889,723,905,523,243,548,978,494,811,502,442,488,842,530
"403590.1_2058_126",1079,715,890,722,906,523,242,549,979,495,811,501,441,487,843,530
"403592.1_2060_127",1078,714,889,721,907,523,242,549,978,497,814,501,438,487,845,530
"403611.1_2074_128",1080,715,890,723,908,525,240,547,979,495,813,499,440,485,843,531
"033200.1_2107_129",1078,716,892,721,909,522,240,551,986,494,807,501,433,490,849,524
"033242.1_2119_130",1079,715,891,722,904,521,245,548,980,494,809,502,443,488,840,532
"966379.1_2145_131",1161,729,926,719,925,497,252,542,1019,486,751,460,429,504,787,525
"018370.1_2194_132",1114,721,904,708,929,492,255,532,979,513,808,473,424,482,806,567
"018388.1_2212_133",1118,729,893,700,922,511,253,540,969,511,817,474,430,475,808,556
"A099337.1_2215_134",1116,724,901,696,908,496,245,540,960,517,824,484,452,452,815,576
"A744684.1_2233_135",1102,729,919,688,930,513,243,523,976,508,806,491,429,459,813,577
"675521.1_2254_136",1114,733,915,679,932,493,238,551,972,518,806,474,422,470,811,578
"081217.1_2299_137",1119,737,904,680,928,508,226,553,960,525,816,474,432,445,829,570
"406514.1_2326_138",1125,737,915,676,941,500,230,551,968,516,802,474,418,469,813,571
"406515.1_2327_139",1124,737,890,693,923,509,252,550,972,511,813,473,424,477,814,544
"669499.1_2332_140",1117,727,900,695,912,493,243,541,960,515,824,485,449,454,817,574
"160505.1_2354_141",1123,739,898,672,920,491,239,557,952,522,821,487,436,455,824,570
"081190.1_2380_142",1114,735,905,679,930,505,227,551,958,526,820,478,430,448,830,569
"081223.1_2382_143",1114,732,902,693,939,508,249,534,977,527,810,464,410,463,817,566
"544651.1_2386_144",1121,724,904,697,915,505,241,540,955,520,819,480,454,453,810,567
"955427.1_2461_145",1086,706,886,721,899,524,252,528,991,486,810,504,423,486,844,548
"189285.1_2520_146",1110,727,901,699,915,498,234,537,959,508,827,482,453,451,814,576
"452019.1_2532_147",1157,739,930,704,914,469,241,558,1017,477,742,466,442,497,789,549
"225493.1_2560_148",1106,714,883,726,902,521,247,549,986,506,783,480,435,477,843,529
"482504.1_2593_149",1103,712,901,727,906,519,237,543,986,503,777,482,447,471,834,541
"482531.1_2616_150",1109,706,892,723,896,511,248,545,975,499,791,495,449,484,830,536
"482538.1_2623_151",1102,709,897,724,901,517,244,549,987,505,780,485,441,480,837,531
"482567.1_2626_152",1089,708,908,723,912,514,243,532,989,492,793,494,437,487,825,543
"482812.1_2671_153",1102,715,900,724,903,524,239,544,988,503,775,482,447,468,835,540
"660396.1_2702_154",1110,715,895,720,900,517,244,549,983,506,782,483,446,472,834,533
"677167.1_2721_155",1102,714,903,725,905,525,241,540,986,503,776,482,450,469,828,540
"024484.1_2747_156",1093,708,889,722,898,518,245,534,989,491,802,499,431,478,846,546
"024457.1_2777_157",1100,715,902,723,906,523,240,541,988,503,777,482,445,469,832,543
"024472.1_2781_158",1105,715,899,724,906,524,240,540,986,503,776,482,445,468,833,543
"205884.1_2807_159",1103,714,902,724,906,523,240,538,987,502,777,483,446,468,831,545
"410242.1_2838_160",1111,714,891,723,898,507,249,548,985,504,782,483,444,477,833,540
"410282.1_2865_161",1098,715,902,723,906,525,242,540,987,504,778,483,446,469,831,540
"547088.1_2880_162",1088,713,890,722,898,517,254,529,990,491,805,496,436,477,834,549
"432737.1_2887_163",1103,717,901,723,911,530,241,538,987,503,772,482,442,470,831,538
"461317.1_2897_164",1097,711,895,723,898,527,247,543,986,513,791,476,444,464,834,540
"461332.1_2902_165",1100,711,894,724,896,527,249,543,985,514,787,476,447,463,833,540
"461339.1_2906_166",1103,708,903,726,906,519,246,541,988,502,777,487,442,483,829,529
"882533.1_2954_167",1110,705,888,731,903,519,245,547,978,499,790,486,442,491,831,524
"882539.1_2960_168",1110,713,893,724,897,512,249,549,984,507,782,480,448,475,830,536
"882560.1_2971_169",1088,713,900,724,896,525,243,551,990,508,783,482,450,469,838,529
"898389.1_2984_170",1103,714,891,719,897,523,248,547,978,497,793,491,448,481,828,531
"G199788.1_3012_171",1109,714,897,719,894,516,249,547,986,503,775,489,449,473,833,536
"G199802.1_3022_172",1099,715,903,720,907,525,241,540,986,504,776,486,444,469,833,541
"G199811.1_3028_173",1100,707,901,722,895,506,245,555,988,507,779,486,446,481,836,535
"G199830.1_3045_174",1110,710,889,722,899,521,248,547,975,501,791,488,446,483,828,531
"G199848.1_3061_175",1111,708,888,727,900,520,247,549,979,499,784,488,443,489,832,525
"G868502.1_3133_176",1094,710,885,721,905,520,254,523,988,492,810,497,422,480,839,548
"620455.1_3176_177",1097,702,881,732,893,521,252,538,984,508,795,481,439,473,840,549
"639806.1_3206_178",1089,712,893,724,899,512,251,532,991,494,802,492,438,476,833,546
"482494.1_3219_179",1100,716,900,722,905,526,239,541,984,503,777,483,448,466,831,542
"210237.2_3224_180",1158,725,929,711,910,502,239,543,1016,487,763,460,439,480,795,526
"882542.1_3245_181",1103,707,889,726,900,521,248,550,980,501,786,487,441,490,832,522
"639672.1_3304_182",1102,709,892,725,900,528,251,546,985,516,782,473,440,472,832,528
"482748.1_3311_183",1209,713,918,730,917,505,233,520,994,468,752,473,449,489,785,525
"898395.1_3317_184",1098,707,891,725,894,526,248,545,984,514,790,476,445,466,835,536
"920401.1_3336_185",1118,734,896,690,914,500,248,547,957,517,822,473,449,458,803,554
"621248.1_3353_186",1166,735,932,707,926,481,231,555,1014,481,744,461,434,496,792,525
"482621.1_3358_187",1214,721,913,721,918,497,232,530,984,474,757,471,452,485,785,525
"482694.1_3374_188",1208,720,915,722,917,496,231,532,986,472,758,473,453,488,786,522
"482751.1_3375_189",1207,720,918,721,916,500,232,529,988,473,755,473,454,484,785,524
"596498.1_3386_190",1215,721,912,722,917,495,232,531,984,473,757,471,453,486,785,525
"G466079.1_3412_191",1108,746,899,665,921,508,242,542,953,517,825,485,435,442,815,576
"705619.1_3414_192",1118,731,897,692,915,495,244,548,956,516,822,475,449,460,806,555
"482771.1_3460_193",1210,723,917,729,921,501,222,538,991,471,747,463,456,487,787,515
"660403.1_3465_194",1101,713,896,727,900,529,238,539,985,501,778,480,451,463,833,544
"410291.1_3475_195",1207,721,919,728,917,498,226,542,988,476,750,463,462,488,783,510
"810409.1_3500_196",1214,708,919,722,923,510,231,541,990,485,742,460,435,502,786,510
"898435.1_3518_197",1203,724,918,726,915,497,226,542,993,472,749,465,459,487,787,515
"898461.1_3521_198",1208,718,919,726,918,502,228,530,989,471,749,470,455,487,784,524
"G868624.1_3535_199",1209,715,920,717,920,512,229,536,991,477,742,469,440,493,789,519
"482467.1_3556_200",1203,713,922,712,923,512,235,532,996,478,750,472,427,499,790,513
"482651.1_3606_201",1207,713,920,714,922,518,234,534,994,480,749,469,430,497,790,506
"482668.1_3618_202",1206,716,916,714,917,516,239,539,993,478,748,469,435,501,786,504
"482672.1_3620_203",1173,727,929,708,927,489,233,533,1008,472,749,473,428,494,792,542
"482723.1_3642_204",1191,722,926,716,917,508,229,535,999,471,747,469,447,488,785,527
"482776.1_3666_205",1200,713,921,715,921,516,232,538,995,483,750,466,432,495,792,508
"529694.1_3676_206",1173,726,922,709,924,506,237,534,1000,473,768,474,432,496,788,515
"677142.1_3704_207",1196,724,918,712,929,508,229,530,992,476,755,470,432,488,792,526
"687228.1_3723_208",1190,726,923,715,919,508,228,539,999,472,749,466,445,488,787,523
"687245.1_3734_209",1191,716,921,721,916,502,228,541,998,477,751,464,443,492,791,525
"024458.1_3741_210",1202,707,926,714,916,512,236,534,995,480,750,473,435,499,787,511
"024461.1_3742_211",1202,706,924,713,916,513,236,534,994,481,752,473,432,499,789,513
"639788.1_3761_212",1202,723,921,714,922,503,233,535,989,475,752,471,446,492,781,518
"687437.1_3769_213",1205,715,922,711,927,510,233,538,992,484,748,466,428,499,788,511
"850091.1_3786_214",1187,719,919,718,911,503,235,546,992,482,762,463,452,491,784,513
"906959.1_3800_215",1168,724,937,706,934,512,233,527,1011,475,748,474,421,495,791,521
"G868540.1_3808_216",1182,719,930,718,917,497,222,549,1004,474,750,468,445,495,795,512
"G868541.1_3809_217",1180,729,927,709,924,505,230,543,1004,473,753,467,436,495,788,514
"G131886.1_3821_218",1205,711,927,715,929,518,231,530,995,483,738,468,428,496,789,514
"971709.1_3825_219",1111,734,900,690,915,501,244,543,958,516,821,475,451,452,804,561
"482783.1_3843_220",1158,721,927,712,906,492,241,543,1008,483,769,466,445,486,790,529
"898465.1_3867_221",1187,724,922,711,915,501,236,546,1000,474,756,469,441,499,786,509
"G131957.1_3872_222",1084,705,887,722,893,513,248,531,987,488,808,501,434,479,842,554
"182034.1_3882_223",1106,704,897,727,899,511,242,552,983,508,778,481,446,481,833,527
"639796.1_3890_224",1090,711,889,721,901,511,248,531,988,493,802,495,431,476,840,548
"687431.1_3901_225",1106,714,892,725,902,520,245,549,991,507,773,474,438,475,835,529
"859029.1_3903_226",1111,712,892,717,900,515,245,545,979,505,782,487,442,473,834,536
"G199773.1_3915_227",1110,710,890,724,893,510,248,550,981,506,783,481,450,475,830,534
"G131721.1_3919_228",1096,711,896,727,897,526,241,538,984,501,784,481,452,464,830,547
"G131828.1_3921_229",1100,714,899,722,905,526,242,538,983,502,774,484,447,468,828,543
"081211.1_3937_230",1109,733,904,677,929,507,226,551,957,527,817,472,428,446,826,565
"639823.1_3951_231",1086,716,887,718,898,509,250,533,989,491,801,497,433,474,841,551
"G199823.1_3954_232",1096,713,899,723,903,525,241,540,985,503,777,483,447,468,831,540
"041259.1_3972_233",1106,737,901,668,925,502,241,535,955,520,828,486,426,444,819,581
"898371.1_3992_234",1109,708,889,722,895,523,245,545,972,497,790,490,451,480,826,531
"783190.1_4006_235",1159,731,936,711,923,479,232,548,1018,481,738,462,436,492,793,534
"210239.2_4036_236",1157,722,932,710,914,495,238,540,1011,483,761,465,440,486,789,528
"639704.1_4043_237",1206,711,927,715,925,512,227,537,992,482,743,465,436,496,784,513
"410181.1_4071_238",1086,705,895,725,898,508,243,538,990,490,800,495,437,484,836,540
"G868515.1_4076_239",1214,723,910,720,918,499,234,530,988,463,748,477,447,495,784,520
"G560144.1_4111_240",1158,714,927,719,923,504,224,529,1008,484,760,463,428,478,804,546
"380806.1_4133_241",1069,714,889,720,905,522,242,546,978,493,805,495,440,486,835,529
"529706.1_4140_242",1183,720,922,716,914,504,229,535,1000,474,752,468,443,484,792,531
"G131975.1_4154_243",1213,722,910,719,916,496,232,532,987,464,747,478,447,494,788,522
"850088.1_4164_244",1182,707,924,725,909,491,237,540,997,477,754,472,449,502,785,515
"G199874.1_4166_245",1207,722,913,726,918,501,225,538,988,471,750,465,455,488,787,512
"G868603.1_4187_246",1180,733,923,706,925,500,227,545,998,468,758,469,438,496,786,513
"639834.1_4196_247",1210,718,911,721,916,497,232,529,981,474,757,471,453,485,784,525
"045688.1_4205_248",1126,728,904,687,933,497,232,540,968,516,805,466,418,461,814,569
"461305.1_4221_249",1196,707,922,712,919,516,235,529,996,482,750,471,426,493,792,517
"810413.1_4225_250",1117,735,909,681,927,486,238,552,969,509,801,470,429,473,801,566
"569703.1_4241_251",1179,722,924,713,916,504,234,535,1000,472,750,470,442,491,784,526
"850111.1_4266_252",1111,720,903,700,906,496,228,541,962,507,818,480,455,448,818,569
"898456.1_4280_253",1091,720,920,689,927,514,246,515,977,516,802,481,425,452,808,579
"G868548.1_4298_254",1117,729,901,690,916,494,239,536,961,512,813,479,443,450,812,570
"T726355.1_4334_255",1108,722,905,693,913,499,240,536,959,515,821,477,448,452,806,568
"482667.1_4353_256",1202,706,923,713,914,513,238,529,991,478,749,474,437,497,782,514
"687444.1_4356_257",1185,707,930,730,938,522,234,519,1000,491,738,454,429,493,781,509
"744737.1_4357_258",1116,733,909,682,926,487,237,552,969,510,801,469,429,472,801,567
"452045.1_4368_259",1151,732,926,706,920,463,238,559,1008,483,740,461,436,502,788,547
"687197.1_4382_260",1112,724,895,692,910,497,235,537,959,510,819,481,442,448,820,577
"005258.1_4409_261",1094,714,914,696,928,500,252,532,977,519,805,472,419,479,803,552
"639782.1_4422_262",1116,723,898,695,904,490,233,543,958,509,815,478,454,447,815,575
"C762696.1_4449_263",1033,664,917,696,863,566,231,553,995,476,817,510,418,507,833,573
"C762697.1_4450_264",1031,672,915,692,875,563,225,552,995,479,821,502,408,501,836,585
"018392.1_4488_265",1033,665,885,697,865,561,244,549,965,479,849,519,416,514,834,576
"018398.1_4494_266",1039,690,897,671,873,568,240,564,985,473,836,513,399,514,834,547
"166035.1_4522_267",1087,705,886,721,898,516,249,527,985,489,802,498,429,480,836,541
"160504.1_4524_268",1025,677,913,679,894,556,216,545,994,470,834,517,380,508,852,589
"513441.1_4526_269",1032,684,908,681,878,566,227,552,989,468,827,510,405,505,832,585
"C_002640.1_4529_270",1033,673,911,681,883,565,224,542,990,471,828,515,391,505,841,595
"596673.1_4574_271",1032,683,908,680,878,567,225,551,988,469,828,511,404,502,835,587
"596666.1_4581_272",1031,681,908,681,877,567,227,550,988,470,830,511,404,503,834,586
"596660.1_4587_273",1032,682,907,682,879,568,226,550,988,469,829,510,403,504,834,585
"514144.1_4600_274",1031,683,904,682,882,571,224,549,989,471,831,508,397,501,840,585
"687239.1_4630_275",1111,719,900,691,905,493,232,541,956,506,818,486,449,453,816,571
"726772.1_4634_276",1113,724,897,692,908,493,232,543,958,510,819,477,447,449,816,569
"639803.1_4703_277",1115,728,898,690,907,488,230,546,959,504,817,481,450,451,816,567
"639716.1_4713_278",1117,729,901,679,926,494,235,550,963,515,811,464,420,467,806,570
"639726.1_4721_279",1110,736,907,673,934,503,234,544,964,516,811,465,418,460,804,568
"639731.1_4726_280",1116,735,906,674,927,502,228,554,963,517,806,462,425,457,808,567
"474315.1_4745_281",1191,723,923,710,914,495,230,545,986,469,753,471,455,498,773,511
"474310.1_4778_282",1196,721,925,707,915,502,234,542,985,479,748,466,452,492,771,511
"403598.1_4790_283",1067,710,887,720,900,522,240,542,978,491,807,495,438,481,838,529
"973481.1_4808_284",1108,728,894,689,910,499,247,543,952,516,820,473,448,456,800,560
"G131898.1_4811_285",1202,716,916,715,919,511,226,539,992,476,740,463,436,492,789,510
"794786.1_4813_286",1128,718,888,698,908,510,259,529,965,517,798,464,431,461,799,569
"G131879.1_4838_287",1181,716,916,714,905,504,236,538,991,477,758,466,449,486,782,519
"639777.1_4846_288",1110,726,899,688,909,490,233,546,954,509,818,479,451,453,809,563
"461334.1_4853_289",1114,731,899,684,927,496,230,547,968,515,807,461,419,457,816,566
"G131941.1_4859_290",1117,723,905,679,927,491,229,552,960,515,804,467,421,470,807,570
"G131935.1_4872_291",1112,736,908,671,927,497,229,552,963,510,800,468,425,462,804,572
"482460.1_4876_292",1110,731,903,680,929,496,231,545,968,517,806,463,417,457,813,569
"955457.1_4883_293",1110,732,900,680,927,497,229,549,966,515,809,464,418,458,817,564
"830751.1_4887_294",1120,728,889,676,923,500,228,534,939,524,826,478,432,433,823,581
"G131942.1_4894_295",1104,724,911,675,919,498,231,551,965,517,806,466,426,460,806,573
"C261634.1_4905_296",1101,723,906,681,917,498,237,545,969,513,808,469,423,463,808,568
"973460.1_4907_297",1082,707,889,720,893,514,243,526,986,487,797,497,436,469,838,545
"482730.1_4909_298",1183,721,919,710,908,505,228,538,994,467,746,469,447,486,783,524
"G868554.1_4919_299",1191,725,916,708,915,495,242,530,996,468,749,471,437,495,777,512
"541806.1_4925_300",1102,732,892,683,909,496,244,546,948,514,817,478,450,452,805,558
"922558.1_4932_301",1035,684,899,676,888,580,221,534,972,467,828,512,399,492,831,607
"459391.1_4945_302",1066,711,883,717,903,524,236,545,971,492,806,492,437,482,835,521
"468234.1_4948_303",1107,715,885,717,895,526,243,538,980,498,769,478,442,464,827,536
"822942.1_4968_304",1164,703,924,716,926,514,227,512,1002,477,749,471,415,485,799,532
"973472.1_4979_305",1074,703,891,718,891,516,244,525,988,487,797,498,432,471,838,542
"891024.1_4982_306",1153,720,931,703,923,504,237,527,1006,474,748,472,425,492,784,515
"452062.1_5007_307",1092,704,875,717,877,513,251,543,979,502,780,481,440,466,835,533
"G131980.1_5012_308",1080,701,886,716,892,513,249,522,980,485,801,499,431,477,830,545
"G868594.1_5016_309",1019,677,903,684,882,554,227,550,991,474,827,501,391,507,837,582
"882600.1_5045_310",1034,676,904,682,881,556,221,545,992,470,825,501,389,501,838,590
"882601.1_5046_311",1033,670,905,683,875,553,220,547,991,467,825,508,392,505,841,590
"G199884.1_5048_312",1026,667,911,686,886,555,215,543,992,474,824,502,386,503,842,593
"452060.1_5053_313",1102,707,880,715,881,510,251,544,984,504,779,478,436,466,835,533
"513331.1_5062_314",1035,677,899,682,876,566,231,541,985,468,828,502,397,502,826,588
"822946.1_5099_315",1161,708,925,711,927,507,225,510,1000,474,746,471,416,480,796,538
"882599.1_5104_316",1033,675,899,682,882,551,220,548,985,469,828,501,388,506,837,590
"937632.1_5155_317",1099,731,889,682,909,492,243,536,945,512,818,474,448,446,799,557
"973484.1_5161_318",1102,725,888,683,902,492,245,540,946,511,818,472,447,452,796,558
"509252.1_5205_319",1081,701,881,710,898,508,241,532,976,496,787,484,418,473,835,532
"756280.1_5221_320",1101,722,882,686,901,488,241,536,942,508,812,470,447,448,797,558
"631857.1_5229_321",1103,725,883,680,902,488,242,540,942,508,813,471,444,451,797,549
"756276.1_5235_322",1102,728,882,681,903,485,241,537,943,506,809,472,445,447,799,558
"541795.1_5241_323",1101,724,884,683,900,488,241,538,942,508,811,471,449,447,797,554
"541796.1_5242_324",1105,725,881,682,903,489,242,536,940,509,813,470,445,447,797,554
"166032.1_5249_325",1104,722,880,683,901,489,243,537,940,510,814,470,445,449,797,553
"631861.1_5258_326",1101,722,881,685,897,484,242,537,942,507,811,470,449,447,797,561
"G131864.1_5263_327",1169,709,903,710,899,494,235,530,977,473,752,462,445,482,774,516
"G131812.1_5320_328",1090,699,878,719,884,507,233,533,971,491,757,479,441,460,830,546
"G131876.1_5327_329",1101,720,881,683,899,478,238,531,947,503,807,475,439,445,805,563
"295012.1_5336_330",1099,728,889,667,918,485,230,538,946,506,804,463,420,453,795,568
"509285.1_5362_331",1071,713,885,687,907,501,241,520,961,501,803,466,416,455,802,558
"G131968.1_5370_332",1076,686,867,716,871,492,242,520,969,475,792,495,428,472,831,554
"G131686.1_5377_333",1088,696,874,713,878,494,244,538,965,493,763,479,440,470,820,530
"G131925.1_5418_334",1080,694,873,721,882,505,229,535,969,494,768,469,437,458,830,537
"189370.1_5422_335",1176,702,896,714,899,477,229,524,970,463,744,466,443,486,775,516
"G131777.1_5433_336",1082,697,867,718,882,505,232,536,967,494,769,469,432,459,832,536
"079694.1_5436_337",1185,708,894,720,900,480,220,525,972,459,735,460,450,477,778,514
"730046.1_5442_338",1187,710,899,705,907,493,222,528,974,462,727,460,433,484,776,509
"G056031.1_5459_339",1073,694,867,712,882,501,239,519,968,482,792,487,423,464,832,539
"888331.1_5552_340",1186,706,898,700,903,493,226,525,973,462,728,464,428,485,775,508
"G131711.1_5570_341",1091,696,861,713,881,505,231,534,965,487,763,474,424,463,833,532
"937650.1_5573_342",1079,693,867,714,875,506,243,530,968,496,769,467,431,459,820,536
"189341.1_5613_343",1070,689,864,710,872,495,244,523,972,474,783,489,420,476,827,536
"937602.1_5619_344",1077,689,875,710,874,490,237,540,970,490,755,477,431,472,824,532
"937609.1_5622_345",1076,696,866,717,880,502,231,532,968,489,762,467,432,458,826,541
"189355.1_5642_346",1061,688,865,716,879,504,247,507,974,483,785,483,417,462,828,544
"189346.1_5656_347",1069,690,861,710,881,493,245,514,970,473,787,490,410,477,828,543
"G131740.1_5671_348",1084,693,869,706,871,491,242,532,961,488,755,475,436,464,813,537
"188553.1_5689_349",1157,704,893,701,891,478,230,524,971,460,733,459,436,482,767,516
"189309.1_5732_350",1158,692,877,711,886,463,224,512,958,449,731,452,436,481,758,511
"189360.1_5741_351",1040,689,844,701,866,495,243,500,959,465,773,474,410,455,811,539
"509281.1_5744_352",1095,712,851,657,890,467,228,518,913,491,798,454,417,433,779,555
"T832044.1_5760_353",1048,678,837,685,834,492,222,550,938,463,756,473,428,465,815,491
"110584.1_5789_354",1115,684,873,692,903,480,215,485,962,453,721,444,383,466,772,521
"110588.1_5793_355",1103,706,874,682,880,450,224,525,979,455,718,429,402,468,766,512
"T832055.1_5811_356",1114,700,864,677,884,452,240,514,960,462,728,437,396,476,756,513
"G189648.1_5832_357",1071,694,848,671,887,461,213,521,921,479,781,438,405,448,777,556
"631999.1_5898_358",896,928,857,604,961,793,721,582,900,781,726,649,527,556,752,455
"245525.1_5925_359",1611,667,842,1404,886,318,90,587,864,333,493,532,1162,563,797,1089
"C_034486.1_5956_360",103,52,57,96,64,24,9,63,62,33,68,39,78,51,68,87
"245519.1_5959_361",106,52,59,95,66,26,10,58,60,30,65,44,79,52,65,86
"C_043587.1_5966_362",1000,344,476,833,511,156,32,316,488,197,211,244,653,318,421,687
"234075.1_5969_363",1000,344,476,833,511,156,32,316,488,197,211,244,653,318,421,687
"C608151.1_5972_364",134,66,61,73,65,38,16,63,65,35,59,38,69,43,61,83
"C734549.1_5974_365",916,704,867,672,843,519,360,547,1012,575,901,565,387,472,925,522
"677246.1_5979_366",895,684,894,629,855,575,383,588,976,655,901,574,375,487,928,588
"381853.1_5996_367",873,672,901,595,848,612,420,637,960,686,913,559,359,547,884,510
"706284.1_6023_368",860,679,906,585,850,601,431,630,963,685,913,565,356,547,876,529
"A508812.1_6062_369",870,675,905,590,855,604,420,632,953,683,911,566,361,549,877,524
"A254453.1_6083_370",866,681,901,584,857,610,418,629,953,684,912,567,355,540,885,527
"A303796.1_6089_371",861,680,906,583,854,619,415,646,962,694,917,551,352,542,886,501
"650725.1_6106_372",869,675,903,587,856,601,424,637,958,687,904,563,350,555,881,517
"184571.1_6109_373",863,676,883,582,855,601,456,623,943,684,953,570,344,574,858,501
"T134112.1_6111_374",873,680,880,582,854,607,455,626,937,691,951,559,352,564,852,503
"T253732.1_6114_375",854,679,892,576,850,605,443,610,951,684,951,568,345,540,868,548
"A241118.1_6118_376",867,670,879,588,871,600,449,622,936,697,956,559,329,575,864,502
"381844.1_6142_377",862,676,884,581,868,597,451,625,939,696,957,559,333,572,859,505
"706268.1_6152_378",864,679,883,588,872,605,439,620,940,691,953,553,337,561,862,516
"A698907.1_6167_379",869,669,876,590,871,601,449,621,934,697,958,559,329,575,865,501
"542268.1_6188_380",875,676,874,588,866,604,436,620,930,692,961,558,341,554,870,519
"753127.1_6195_381",872,672,871,591,865,606,435,618,929,692,963,560,339,554,875,522
"A981186.1_6261_382",669,669,616,590,771,610,660,617,806,697,838,721,298,682,948,670
"871322.1_6294_383",807,647,826,555,817,573,397,594,895,645,865,521,315,516,839,486
"871354.1_6326_384",810,649,826,551,815,571,398,597,896,645,865,520,314,516,838,487
"871365.1_6337_385",803,642,828,556,808,563,401,593,898,646,868,522,319,514,838,499
"871370.1_6342_386",805,647,827,550,807,565,402,594,898,646,867,523,318,510,839,500
"394383.1_6356_387",825,666,863,622,806,566,375,635,976,642,921,589,368,509,969,554
"T934799.1_6390_388",781,622,807,606,761,530,365,598,929,617,874,539,345,485,913,529
"485030.1_6399_389",110,43,72,88,76,35,11,55,66,45,70,47,60,54,75,76
"G206126.1_6423_390",110,44,73,87,73,33,11,56,66,44,71,47,64,52,73,78
"G206129.1_6429_391",111,44,71,84,74,39,11,55,65,44,71,49,59,52,76,76
"G206111.1_6459_392",109,44,75,87,75,39,13,53,69,45,67,46,61,52,72,75
"233335.1_6490_393",943,678,785,636,863,512,322,539,940,574,852,521,296,472,928,530
"957868.1_6501_394",999,722,832,658,861,516,388,554,979,604,887,550,371,478,913,600
"100114.1_6514_395",930,353,488,780,507,187,40,364,493,216,213,266,620,342,447,636
"100104.1_6524_396",526,249,317,480,350,138,25,240,285,165,183,206,410,201,314,377
"C_034495.1_6536_397",951,372,494,771,497,175,67,320,561,190,249,266,578,322,457,623
"618130.1_6542_398",930,839,803,682,959,684,605,607,818,770,686,642,548,562,821,593
"026198.1_6554_399",826,832,810,684,951,691,609,608,824,761,685,646,552,575,811,574
"A237947.1_6566_400",827,847,772,681,943,706,613,586,822,743,690,644,534,553,824,625
"842795.1_6590_401",796,814,806,631,929,667,597,598,816,744,670,635,507,566,791,531
"857321.1_6646_402",914,345,512,777,517,176,44,331,501,225,228,270,615,322,440,658
"691605.1_6686_403",1576,634,894,1315,897,330,165,579,896,455,466,531,1049,552,823,1020
"G747509.1_6705_404",1616,661,856,1330,909,326,154,602,881,446,465,493,1056,558,810,1016
"G747569.1_6725_405",1622,659,854,1322,909,331,155,598,880,445,470,503,1045,558,819,1013
"506825.1_6756_406",578,252,268,472,325,109,54,229,270,175,175,205,396,181,328,369
"G747503.1_6765_407",122,54,66,64,68,33,25,53,57,47,61,56,58,45,69,70
"G747536.1_6798_408",133,52,63,67,70,40,22,53,55,53,56,52,56,40,75,70
"G747564.1_6826_409",560,229,301,488,331,115,53,205,284,177,161,206,402,183,313,376
"G747568.1_6830_410",937,379,492,765,509,176,80,341,542,220,249,243,584,331,433,570
"G747597.1_6859_411",557,229,305,490,334,114,53,205,287,178,157,205,402,185,312,371
"G747602.1_6864_412",120,54,65,64,69,34,24,53,55,48,63,57,58,44,71,69
"G747607.1_6869_413",940,380,492,766,509,173,79,341,544,216,249,242,584,333,431,572
"795090.1_6896_414",931,354,514,759,503,176,99,324,537,243,259,258,586,329,426,604
"795094.1_6898_415",570,245,265,476,319,109,61,222,275,170,181,211,393,187,329,366
"795097.1_6901_416",565,254,269,471,328,111,66,225,282,176,170,202,384,189,325,355
"632068.1_6982_417",918,552,1048,891,931,527,142,834,952,592,790,615,608,762,969,828
"586975.1_6988_418",865,553,1054,887,938,588,145,818,952,590,743,623,603,758,966,896
"380176.1_7030_419",864,536,1046,900,924,578,142,834,945,597,749,617,612,767,971,896
"574082.1_7058_420",860,551,1054,893,939,587,141,821,950,592,737,623,608,758,970,895
"574078.1_7061_421",860,554,1052,893,942,589,141,818,950,590,737,623,606,757,970,897
"574077.1_7062_422",860,554,1052,894,942,589,141,818,951,590,736,622,606,757,970,897
"574062.1_7074_423",861,551,1054,893,941,587,140,819,949,591,737,625,607,758,971,895
"134836.1_7084_424",497,293,592,506,490,277,66,424,539,298,380,317,361,389,496,478
"G649061.1_7106_425",131,82,134,113,139,91,37,129,123,100,140,78,67,122,130,73
"944847.1_7176_426",284,178,332,263,307,168,42,270,287,195,271,232,179,245,340,282
"611605.1_7192_427",488,292,594,505,489,279,64,425,542,292,385,324,359,394,500,471
"586977.1_7220_428",76,79,134,113,132,139,35,132,120,98,85,85,73,122,134,133
"586969.1_7230_429",287,182,333,261,305,165,45,271,288,196,270,234,182,243,340,282
"586959.1_7234_430",498,294,585,521,501,282,60,414,541,293,383,306,357,388,495,485
"380185.1_7245_431",297,177,322,267,309,165,43,275,280,194,279,230,176,256,339,275
"380206.1_7269_432",289,177,330,265,306,167,41,267,285,195,273,232,180,242,341,294
"380147.1_7274_433",75,77,132,114,130,135,36,134,121,98,89,83,71,125,134,135
"375406.1_7279_434",487,291,592,512,500,288,59,423,545,299,387,308,349,392,501,470
"380212.1_7305_435",289,175,330,268,309,167,43,271,282,202,280,226,181,246,337,278
"380217.1_7317_436",278,177,334,262,305,158,41,276,286,196,279,234,181,249,341,287
"380160.1_7328_437",76,74,130,115,130,135,32,133,118,101,88,86,70,120,143,138
"380222.1_7362_438",302,182,325,257,301,166,50,278,280,203,273,229,182,244,337,275
"167025.1_7370_439",73,76,134,113,133,144,32,135,123,102,83,83,66,122,142,130
"785332.1_7381_440",495,293,591,505,489,277,65,425,540,297,380,320,359,389,501,477
"574029.1_7420_441",497,295,584,521,503,284,61,412,541,293,383,306,355,388,495,485
"574082.1_7427_442",76,79,134,113,132,140,35,133,120,99,85,84,73,122,134,131
"574080.1_7430_443",76,79,134,113,132,140,35,132,120,98,85,85,73,122,134,132
"574034.1_7479_444",286,179,334,263,307,167,42,271,289,196,269,233,179,245,342,282
"574059.1_7481_445",75,79,134,113,131,140,36,132,121,98,85,85,73,122,134,132
"574006.1_7483_446",499,294,587,516,503,280,61,417,541,297,382,306,352,390,496,482
"574005.1_7486_447",500,293,587,518,502,280,61,417,542,296,379,306,353,391,496,482
"350586.1_7506_448",857,904,849,594,942,784,728,625,883,835,779,656,521,557,797,507
"564831.1_7523_449",1583,700,863,1342,970,322,109,557,860,409,455,526,1075,527,823,1121
"G679379.1_7535_450",912,866,870,641,982,821,716,590,882,835,637,588,512,588,719,557
"T121590.1_7559_451",920,851,865,666,960,808,682,594,870,800,637,606,551,586,729,577
"T121666.1_7635_452",919,850,866,665,958,808,684,595,875,801,637,604,547,587,730,576
"T121668.1_7637_453",923,850,865,667,961,807,682,593,868,799,635,607,552,588,727,578
"T121691.1_7660_454",925,853,867,664,963,808,681,593,869,799,635,606,551,586,726,576
"T121717.1_7684_455",923,851,866,666,963,806,682,594,869,803,635,603,550,586,727,578
"771793.1_7698_456",894,857,865,622,971,818,707,583,877,822,635,580,497,582,707,523
"C_016959.1_7706_457",866,762,937,693,842,649,589,551,933,753,782,742,617,467,902,602
"02363.1_7717_458",922,855,867,664,963,811,682,592,870,800,633,605,552,583,726,577
"792678.1_7730_459",918,379,528,729,464,185,66,359,528,211,193,270,645,298,415,627
"943507.1_7736_460",116,58,67,69,72,34,15,54,65,38,62,48,56,45,69,77
"C_024506.1_7762_461",166,102,141,196,133,51,84,86,187,92,92,113,119,110,166,208
"842628.1_7786_462",114,60,68,67,51,18,50,35,79,47,46,43,65,30,50,63
"438706.1_7800_463",810,690,891,605,878,628,366,651,965,658,921,578,342,547,944,590
"438707.1_7801_464",809,690,891,605,876,629,366,652,965,657,921,579,344,547,944,589
"438735.1_7829_465",808,690,891,605,876,628,365,652,966,658,921,578,343,545,946,592
"438752.1_7846_466",810,687,893,607,878,630,365,647,967,657,920,579,341,546,945,592
"438772.1_7862_467",810,687,890,605,877,634,368,647,965,659,920,579,339,546,945,593
"438777.1_7867_468",812,688,889,604,876,629,366,648,964,655,921,583,340,547,947,595
"199557.1_7874_469",812,690,877,601,862,620,374,649,961,660,936,579,344,535,949,615
"426768.1_7896_470",806,686,888,605,878,635,362,652,959,660,919,573,343,545,942,588
"426759.1_7913_471",805,689,885,601,874,627,361,651,961,653,917,576,340,545,943,587
"374485.1_7914_472",812,681,892,602,863,610,369,655,956,664,913,575,356,542,935,589
"426761.1_7933_473",800,675,871,597,851,615,371,645,951,657,928,571,342,534,937,599
"C754955.1_7951_474",782,665,860,597,858,616,364,632,934,656,903,562,329,533,929,579
"A741139.1_7970_475",915,758,855,694,923,722,533,626,862,759,681,590,521,566,823,605
"086245.1_7977_476",882,852,827,613,920,705,648,613,801,743,674,646,570,587,715,522
"373779.1_7985_477",1074,585,789,999,830,521,229,654,935,377,611,511,608,750,805,883
"296059.1_8012_478",1090,579,774,998,826,516,237,655,919,378,608,497,606,762,782,867
"056256.1_8033_479",928,625,777,709,869,522,250,598,887,564,819,571,355,529,994,631
"794935.1_8062_480",837,701,864,610,845,598,400,653,1000,656,873,588,330,541,979,567
"501502.1_8081_481",820,701,895,602,873,566,405,615,1008,655,906,604,317,537,967,561
"501109.1_8084_482",824,699,893,601,869,574,409,612,1009,653,902,607,315,538,967,558
"A260969.1_8100_483",822,701,887,610,885,565,394,618,1000,646,914,604,312,550,969,551
"A842931.3_8118_484",818,704,896,598,875,572,408,615,1010,653,904,606,312,541,965,551
"G379160.1_8161_485",814,698,895,601,867,575,408,612,1012,658,910,601,314,531,968,563
"501135.1_8221_486",816,705,897,605,873,560,401,612,1012,648,905,603,321,533,965,572
"501298.1_8229_487",817,701,895,602,875,569,401,613,1010,653,906,605,312,535,972,562
"501395.1_8241_488",817,701,893,604,876,571,406,616,1011,655,907,600,310,542,967,552
"501470.1_8248_489",817,699,895,604,874,568,401,613,1009,654,907,604,314,535,971,563
"501439.1_8288_490",819,702,894,599,873,568,406,612,1009,652,906,606,312,538,967,558
"743423.1_8305_491",837,701,864,608,846,597,399,653,997,655,871,588,330,542,977,561
"501472.1_8315_492",817,700,896,602,874,568,405,612,1011,653,904,605,313,538,968,559
"166905.1_8321_493",819,703,895,603,878,571,405,611,1010,653,903,601,312,538,964,559
"166896.1_8329_494",826,700,890,606,877,566,399,608,1007,651,905,605,311,534,974,565
"T862844.1_8353_495",818,704,893,600,873,576,411,609,1008,653,907,603,316,535,960,555
"166889.1_8363_496",818,705,896,602,873,568,401,611,1013,652,900,602,318,528,969,564
"501327.1_8371_497",817,699,893,601,869,567,404,612,1009,651,905,607,315,535,970,564
"501344.1_8404_498",815,702,895,599,872,571,409,615,1008,654,903,604,315,540,963,551
"957162.1_8408_499",814,707,892,594,876,574,403,616,1011,650,904,606,305,538,972,553
"170254.1_8421_500",816,699,893,602,869,565,401,615,1008,652,906,605,317,534,971,562
"170262.1_8432_501",824,699,893,603,872,562,404,613,1008,652,901,603,315,537,967,561
"170268.1_8443_502",815,696,893,603,872,566,402,616,1007,654,910,604,313,540,971,551
"244513.1_8459_503",838,701,865,606,848,600,402,649,999,656,864,585,324,542,974,558
"501220.1_8469_504",821,696,891,606,868,559,402,610,1006,649,903,604,319,535,966,574
"142223.1_8487_505",840,701,862,607,843,594,399,649,997,650,868,587,330,540,974,563
"216152.1_8504_506",818,700,890,601,868,571,403,609,1007,653,903,600,316,527,966,568
"501311.1_8507_507",815,699,892,600,871,570,405,608,1007,651,903,604,312,534,966,562
"501512.1_8519_508",813,699,890,603,877,572,403,615,1008,654,907,594,307,542,963,550
"501332.1_8524_509",812,696,894,601,867,572,408,611,1007,652,903,601,317,538,958,557
"501386.1_8540_510",821,700,890,599,867,573,404,609,1002,648,899,605,319,533,961,562
"501420.1_8589_511",814,699,892,599,870,570,401,612,1007,645,901,603,313,539,962,556
"501349.1_8600_512",817,699,892,598,867,571,402,609,1006,647,899,601,316,532,960,565
"501498.1_8611_513",812,701,894,595,869,570,401,615,1007,650,900,600,313,535,962,555
"984351.1_8613_514",835,694,864,609,834,593,401,648,1003,652,858,583,330,538,972,565
"501287.1_8626_515",815,696,893,600,870,569,401,611,1006,649,899,601,312,538,962,556
"501297.1_8629_516",813,697,893,599,868,573,401,607,1006,646,900,604,314,534,962,561
"501450.1_8649_517",816,700,893,596,869,571,403,613,1006,647,898,602,313,538,959,554
"501476.1_8655_518",815,696,892,601,867,571,403,610,1006,646,899,603,315,539,960,555
"501437.1_8671_519",813,701,890,599,862,569,401,614,1005,648,905,597,322,528,959,564
"501473.1_8672_520",814,696,894,599,869,571,403,612,1005,651,899,599,314,538,958,554
"501249.1_8680_521",816,698,892,597,869,569,402,611,1006,647,899,602,312,537,961,558
"A206518.2_8694_522",817,703,891,596,872,571,405,611,1005,651,896,597,313,535,956,555
"501348.1_8708_523",814,698,892,597,867,570,401,612,1006,645,900,603,313,538,961,554
"883349.1_8717_524",839,696,852,609,838,594,407,643,996,655,868,576,322,538,968,565
"780839.1_8724_525",838,687,859,610,833,595,396,645,997,651,864,582,325,537,975,564
"12294.2_8726_526",833,703,859,602,846,593,409,649,1000,652,869,579,317,549,963,538
"501331.1_8733_527",817,693,891,598,866,568,402,607,1005,647,900,600,310,535,960,560
"501247.1_8742_528",815,694,892,598,866,566,400,609,1005,645,900,602,312,536,960,556
"501411.1_8749_529",817,691,888,603,857,565,402,610,1008,645,897,597,316,533,960,563
"501250.1_8770_530",805,696,887,599,863,573,402,606,1004,642,900,600,315,533,957,557
"481597.1_8786_531",838,691,855,611,835,594,398,642,998,649,861,572,323,535,966,557
"480794.1_8789_532",834,692,857,610,829,593,396,642,1000,649,862,572,329,526,968,566
"652880.1_8793_533",835,690,855,609,831,593,395,642,998,645,865,578,324,533,971,561
"501333.1_8797_534",810,688,886,595,857,566,402,606,999,642,898,603,313,535,956,556
"707789.1_8802_535",812,688,882,604,880,561,394,610,998,641,901,587,297,554,950,540
"501128.1_8852_536",798,682,876,594,853,562,398,597,995,635,890,591,304,531,947,553
"501338.1_8870_537",801,680,871,594,850,551,398,602,989,637,886,593,305,534,950,553
"547179.1_8896_538",801,683,875,593,854,557,395,597,994,633,885,590,302,531,947,549
"547226.1_8937_539",801,680,872,597,849,554,395,599,993,635,888,586,306,529,947,555
"547228.1_8939_540",798,682,875,590,852,557,399,599,992,636,889,591,302,533,945,546
"547287.1_8995_541",800,678,875,597,852,552,394,595,992,633,886,591,305,531,947,558
"547295.1_9003_542",799,680,873,592,841,554,397,596,989,637,890,592,314,518,948,566
"547336.1_9041_543",802,680,872,596,852,552,397,598,992,635,886,589,303,533,947,552
"547339.1_9044_544",803,680,872,592,852,546,400,599,991,636,887,591,300,536,946,555
"547354.1_9059_545",800,679,873,596,850,556,395,596,996,633,885,590,301,530,951,555
"547356.1_9061_546",806,682,872,594,844,551,399,600,993,637,882,586,310,525,945,560
"547373.1_9077_547",804,679,873,596,848,551,394,596,992,635,884,589,307,525,949,564
"547403.1_9104_548",802,678,873,596,848,552,395,599,994,635,885,590,304,530,951,554
"547435.1_9135_549",799,680,871,595,851,556,397,594,994,632,887,592,300,531,950,557
"547438.1_9138_550",802,683,876,595,851,552,396,602,994,633,882,588,308,534,943,547
"547463.1_9158_551",801,677,871,600,847,552,395,598,993,636,887,586,307,528,949,559
"547487.1_9181_552",802,679,873,594,853,553,401,598,990,636,888,591,302,538,943,545
"547493.1_9187_553",801,680,873,595,849,550,397,601,993,635,887,589,305,533,947,551
"547495.1_9188_554",802,683,874,596,844,552,398,600,991,629,887,591,317,531,939,552
"547531.1_9221_555",804,682,871,592,851,554,394,599,992,636,887,589,301,527,952,555
"547535.1_9224_556",804,683,870,596,860,554,393,594,992,633,886,588,296,532,950,555
"547603.1_9287_557",802,680,874,594,851,553,396,598,993,637,886,588,303,529,948,554
"547607.1_9290_558",803,680,873,594,843,549,402,598,991,630,887,593,312,534,939,558
"547612.1_9295_559",803,677,872,600,846,552,394,600,991,638,887,584,311,526,947,558
"547445.1_9315_560",804,679,870,595,841,554,394,599,988,635,892,589,314,521,948,562
"488234.1_9342_561",793,677,866,594,847,553,396,597,988,633,875,589,302,530,948,552
"671720.1_9345_562",794,675,864,598,847,546,389,600,990,623,885,589,300,538,949,549
"488213.1_9367_563",793,672,863,593,845,540,386,591,985,622,870,587,297,529,945,553
"488127.1_9392_564",788,670,858,589,840,539,389,591,982,623,868,581,295,528,938,545
"899537.1_9418_565",786,670,861,589,840,539,386,591,982,622,867,581,297,525,939,546
"920728.1_9419_566",788,665,859,594,840,536,385,587,980,623,869,580,297,524,940,554
"501532.1_9436_567",787,667,859,594,829,528,384,594,979,617,872,583,312,523,937,556
"488214.1_9446_568",786,665,857,594,839,534,386,591,981,624,870,580,295,528,942,548
"756653.1_9457_569",788,669,862,589,838,535,387,590,981,620,865,583,300,527,935,551
"488117.1_9460_570",790,664,857,594,839,536,382,590,979,622,868,582,296,526,944,551
"488130.1_9462_571",788,669,860,589,841,536,386,592,980,622,867,582,296,529,938,545
"488136.1_9466_572",788,670,858,589,838,536,386,590,980,623,869,580,298,522,939,554
"488138.1_9468_573",787,668,860,588,840,535,387,592,981,623,867,583,294,529,940,546
"756652.1_9500_574",786,667,857,590,832,538,384,592,981,622,872,581,301,520,943,552
"671708.1_9532_575",788,667,856,591,837,538,389,592,981,624,868,577,296,526,938,544
"671711.1_9533_576",787,669,858,589,839,538,386,591,981,618,867,582,296,528,938,545
"671674.1_9539_577",786,670,859,589,839,538,385,592,982,621,867,579,297,524,939,545
"756662.1_9549_578",787,671,858,588,842,540,385,591,981,620,867,580,294,527,938,542
"756670.1_9550_579",787,666,857,592,837,533,386,592,981,621,868,580,297,528,939,547
"756675.1_9553_580",787,666,858,591,838,537,380,590,981,618,870,581,296,524,942,552
"705678.1_9570_581",787,664,856,592,837,536,386,591,979,623,869,579,296,526,940,547
"488248.1_9572_582",788,669,858,589,838,537,384,592,980,620,866,580,298,524,939,545
"899536.1_9578_583",786,671,858,589,839,537,385,590,981,619,867,577,298,524,934,545
"891009.1_9590_584",783,667,857,589,838,536,384,589,979,620,867,576,295,524,935,544
"730040.1_9594_585",783,667,857,589,838,536,384,589,979,620,867,576,295,524,935,544
"920737.1_9630_586",779,654,849,592,830,521,377,586,967,618,862,574,297,522,933,551
"488231.1_9638_587",780,655,844,594,833,522,376,586,966,616,856,575,294,524,937,542
"501112.1_9657_588",766,660,841,588,832,525,376,584,966,609,861,573,290,523,932,540
"756672.1_9667_589",774,660,836,587,832,522,378,588,964,614,855,565,287,523,929,539
"501239.1_9675_590",766,658,842,586,833,520,380,581,963,614,856,568,289,522,923,543
"488159.1_9681_591",773,657,839,588,828,522,376,585,966,614,854,559,289,518,925,540
"488193.1_9688_592",764,654,835,583,825,520,380,585,965,614,856,561,282,522,925,537
"671724.1_9691_593",761,655,833,579,828,521,378,584,963,613,858,558,276,521,924,536
"912187.1_9696_594",830,611,888,642,836,591,255,676,1004,605,953,606,300,551,1072,585
"370536.1_9701_595",833,611,882,642,841,594,256,665,995,600,963,615,298,551,1072,588
"538782.2_9715_596",833,612,883,642,841,593,257,664,997,600,961,614,298,550,1071,585
"333802.1_9724_597",833,611,883,644,842,595,256,664,997,600,961,614,298,551,1072,585
"333806.1_9727_598",835,610,882,642,842,594,257,663,996,601,961,616,295,551,1074,587
"370532.1_9736_599",835,612,881,642,842,595,257,664,995,600,962,614,298,551,1071,585
"583164.1_9745_600",835,609,884,642,840,596,257,658,997,597,956,618,298,549,1071,591
"760666.1_9779_601",824,600,877,642,832,593,256,653,990,594,955,613,297,547,1064,586
"54798.1_9789_602",857,602,824,681,833,599,245,660,981,589,966,563,292,547,1064,558
"A603338.1_9798_603",866,615,831,657,830,596,238,660,967,585,961,578,305,528,1061,581
"235229.1_9836_604",889,580,840,696,848,568,237,625,941,556,924,600,326,574,1020,598
"388814.1_9883_605",761,557,812,620,777,532,232,618,932,556,902,572,280,514,1016,554
"170973.1_9893_606",756,557,815,615,786,533,232,616,931,562,906,572,270,515,1018,549
"A839631.1_9903_607",53,34,52,45,55,29,19,34,55,45,61,39,21,28,69,26
"073358.1_9958_608",816,627,907,610,842,590,316,638,966,651,975,562,335,518,956,497
"675623.1_9973_609",816,627,907,610,846,595,315,641,966,656,975,556,331,519,956,490
"325473.1_10025_610",812,623,911,610,843,588,313,638,965,654,973,557,336,518,951,493
"014324.2_10026_611",813,622,913,612,840,593,315,636,965,654,972,555,342,516,946,491
"028859.1_10054_612",813,623,908,608,839,589,312,637,964,651,970,557,336,514,952,497
"014300.2_10075_613",808,623,909,608,843,589,315,634,963,653,966,551,333,516,944,497
"061874.1_10112_614",798,635,930,620,847,577,291,634,997,627,941,551,342,510,954,486
"061903.1_10119_615",797,636,929,620,848,577,291,634,996,626,943,552,342,511,954,484
"061897.1_10131_616",797,636,929,620,848,578,290,635,997,625,942,552,341,511,955,483
"061899.1_10141_617",796,635,928,620,847,577,291,634,995,626,944,552,342,510,954,484
"014299.2_10153_618",809,620,907,607,837,585,308,636,959,649,967,551,338,513,943,494
"061859.1_10176_619",797,633,927,621,850,578,288,632,993,628,940,547,339,509,952,483
"693679.1_10203_620",813,623,898,600,832,580,307,634,955,642,966,552,334,508,944,499
"014314.2_10207_621",806,615,906,604,832,579,306,630,956,644,959,553,337,509,941,497
"574558.1_10230_622",804,618,897,600,829,579,306,632,953,643,963,553,334,506,946,495
"574563.1_10234_623",805,616,899,600,829,577,305,631,954,641,963,555,333,508,946,496
"916802.1_10245_624",802,618,899,600,831,577,305,637,954,644,962,551,333,510,945,489
"574565.1_10252_625",805,613,897,602,826,578,305,632,951,643,963,552,335,507,944,493
"922923.1_10282_626",801,615,894,600,828,576,297,631,949,634,961,553,331,507,946,493
"063265.1_10372_627",745,577,822,572,775,523,282,588,872,585,906,532,324,483,885,468
"910431.1_1_628",111,59,67,68,71,33,13,60,63,34,57,49,59,51,66,83
"C_038286.1_2_629",1127,617,852,928,877,513,257,637,1003,433,650,496,518,720,823,819
"178986.1_3_630",1127,617,852,928,877,513,257,637,1003,433,650,496,518,720,823,819
"910430.1_4_631",526,249,317,481,350,138,25,240,286,165,183,205,410,201,314,376
"910429.1_5_632",936,351,471,804,484,206,39,358,496,195,249,266,645,336,447,628
"100117.1_6_633",914,361,472,795,492,208,39,367,495,206,237,258,640,331,448,607
"100115.1_7_634",111,58,67,64,73,36,15,58,62,36,61,51,53,52,67,80
"100116.1_8_635",523,258,313,467,349,126,20,253,280,164,190,212,408,200,323,383
"484306.1_9_636",938,358,502,809,486,142,57,312,510,180,203,281,673,317,412,666
"484307.1_10_637",606,241,306,493,348,101,37,210,297,159,155,204,395,196,316,416
"484308.1_11_638",120,52,64,72,68,37,15,55,61,36,52,44,59,50,63,90
"484309.1_12_639",948,357,499,811,485,141,56,313,508,182,205,279,674,316,414,665
"484310.1_13_640",609,237,308,495,346,98,38,211,296,161,153,203,399,197,314,417
"484311.1_14_641",114,47,67,68,71,35,17,54,58,41,54,46,53,54,62,91
"C_038740.1_15_642",106,64,72,85,76,40,13,66,65,40,50,43,79,51,63,79
"C_038739.1_16_643",622,221,297,548,310,112,33,242,285,136,166,212,470,228,303,408
"C_038738.1_17_644",971,339,512,826,472,165,42,337,516,191,215,254,688,321,407,653
"484302.1_18_645",104,61,72,85,75,38,12,64,67,37,50,49,77,53,68,80
"484301.1_19_646",627,207,293,546,299,109,37,238,283,138,165,220,464,229,311,423
"484300.1_20_647",980,342,500,826,477,172,37,341,509,194,208,244,682,319,411,649
"C_038672.1_21_648",933,745,824,744,840,692,566,571,841,702,625,654,631,531,807,684
"A075253.1_22_649",933,745,824,744,840,692,566,571,841,702,625,654,631,531,807,684
"C_024887.1_23_650",809,901,824,591,856,755,766,616,920,840,735,623,539,498,793,483
"115531.1_24_651",801,896,822,582,849,754,761,616,919,838,721,619,532,492,793,472
"157805.1_25_652",965,382,470,793,482,176,81,318,561,194,238,263,601,305,467,639
"254783.1_26_653",110,50,87,81,70,39,21,63,78,43,68,49,70,60,62,97
"C_034504.1_27_654",611,246,275,504,352,135,46,254,303,186,158,207,370,221,374,351
"254770.1_28_655",951,372,494,771,497,175,67,320,561,190,249,266,578,322,457,623
"254771.1_29_656",611,246,275,504,352,135,46,254,303,186,158,207,370,221,374,351
"G544835.1_30_657",948,380,484,776,508,176,41,341,484,187,234,270,647,323,416,653
"102378.2_31_658",531,262,307,513,362,124,33,219,287,154,179,211,432,198,312,415
"015350.1_32_659",113,63,69,71,74,32,10,57,68,36,58,40,61,41,66,91
"484314.1_33_660",113,61,70,71,73,31,10,56,68,36,57,41,62,42,65,91
"484313.1_34_661",531,259,307,513,361,124,33,217,287,154,179,211,431,198,312,415
"484312.1_35_662",931,379,490,776,509,172,41,341,490,189,235,269,647,323,417,652
"896516.1_36_663",102,55,85,80,75,36,20,66,77,41,72,55,69,65,67,102
"896513.1_37_664",89,45,89,78,80,31,10,55,75,39,64,57,58,61,72,85
"896514.1_38_665",590,235,280,494,347,114,50,230,293,184,159,202,369,207,350,400
"896515.1_39_666",957,352,504,773,455,174,67,350,532,196,220,273,641,325,430,600
"G029287.1_40_667",1018,328,514,861,435,144,58,312,544,196,221,233,723,281,401,690
"G029288.1_41_668",651,226,303,509,345,97,24,221,274,165,154,218,418,199,330,421
"G029289.1_42_669",112,55,82,79,78,30,15,56,72,40,64,53,65,54,68,79
"147989.1_43_670",866,762,937,693,842,649,589,551,933,753,782,742,617,467,902,602
"T121985.1_44_671",865,763,940,691,843,649,591,551,933,756,783,745,619,466,902,604
"C_018705.3_45_672",974,705,883,703,880,482,342,513,1025,598,870,575,385,432,973,602
"917539.1_46_673",912,660,820,674,833,436,316,485,967,560,822,538,353,414,930,563
"C_034481.1_47_674",102,33,64,84,68,36,18,49,63,43,59,39,49,59,63,72
"867176.1_48_675",116,48,64,80,63,38,18,48,70,34,49,41,58,47,63,83
"A032553.1_49_676",894,924,857,606,956,803,711,589,899,781,721,649,531,552,761,463
"410934.1_50_677",895,919,857,611,953,805,712,585,899,780,720,650,534,552,760,465
"C_008719.1_51_678",954,646,776,747,837,542,261,617,914,529,817,587,417,540,993,615
"837642.1_52_679",954,646,776,747,837,542,261,617,914,529,817,587,417,540,993,615
"484332.1_53_680",115,59,65,63,68,40,18,57,64,42,60,44,55,42,67,83
"484331.1_54_681",568,266,294,484,359,114,38,200,286,167,173,200,399,165,321,392
"484330.1_55_682",899,372,501,795,540,168,53,298,509,199,222,281,619,320,435,646
"276084.1_56_683",2154,634,1158,1670,922,346,130,598,1329,325,711,648,1210,691,1014,1354
"T121692.1_57_684",923,851,866,664,960,807,683,595,869,802,636,604,551,586,726,579
"T121693.1_58_685",922,850,867,665,960,808,682,594,868,801,635,607,553,586,727,577
"194117.1_59_686",49,42,48,53,65,35,20,61,40,54,52,43,38,50,70,67
"194115.1_60_687",494,250,267,452,351,138,60,237,248,184,167,228,369,214,333,316
"194116.1_61_688",870,410,451,767,544,170,105,341,510,255,234,263,573,325,472,578
"T755621.1_62_689",48,46,58,58,72,38,16,67,44,57,53,49,45,52,76,76
"T761688.1_63_690",499,233,278,456,337,140,64,241,257,194,151,217,372,215,326,328
"T761689.1_64_691",857,418,455,755,516,180,122,341,513,243,239,279,598,318,458,575
"C_028246.1_65_692",2088,682,1047,1699,930,363,169,644,1239,288,586,608,1258,773,919,1333
"935380.1_66_693",2088,682,1047,1699,930,363,169,644,1239,288,586,608,1258,773,919,1333
"G029271.1_67_694",131,54,84,89,73,30,13,65,79,38,62,57,74,59,77,96
"147984.1_68_695",944,865,862,644,986,837,713,579,877,824,645,591,508,589,717,557
"409178.1_69_696",922,871,861,639,989,832,711,581,877,823,645,591,506,587,719,559
"566143.1_70_697",462,207,327,321,303,156,28,292,295,172,187,213,256,244,325,299
"566144.1_71_698",689,286,555,584,430,194,35,410,556,216,314,287,438,373,469,539
"566145.1_72_699",126,81,134,134,128,110,10,166,136,90,76,75,84,133,157,157
"593931.1_73_700",689,286,555,584,431,194,35,410,556,217,314,286,437,373,469,539
"593932.1_74_701",460,207,326,321,303,157,28,292,294,172,188,214,256,244,326,299
"782451.1_75_702",634,278,562,588,435,183,33,395,551,199,300,306,442,386,461,528
"G029270.1_76_703",583,250,290,499,363,126,45,228,303,169,167,212,372,217,349,360
"G029269.1_77_704",941,357,490,795,492,170,90,323,572,204,247,263,577,344,459,610
"G029271.1_78_705",131,54,84,89,73,30,13,65,79,38,62,57,74,59,77,96
"G029270.1_79_706",583,250,290,499,363,126,45,228,303,169,167,212,372,217,349,360
"G029269.1_80_707",941,357,490,795,492,170,90,323,572,204,247,263,577,344,459,610
"399977.1_81_708",1252,624,768,1094,824,368,156,614,967,308,503,497,694,662,848,976
"C_025391.1_82_709",1252,624,768,1094,824,368,156,614,967,308,503,497,694,662,848,976
"A898809.1_83_710",842,650,961,643,804,535,418,572,1012,678,876,586,437,466,897,582
"A898809.1_84_711",842,650,961,643,804,535,418,572,1012,678,876,586,437,466,897,582
"056258.1_85_712",925,621,770,709,867,519,245,595,880,561,810,567,354,525,992,634
"859058.1_86_713",897,597,736,688,825,485,243,573,857,539,771,557,339,505,974,631
"743445.1_87_714",837,698,867,610,844,596,398,652,1000,656,868,588,331,540,979,564
"A490240.2_88_715",824,708,879,599,871,586,401,642,1003,656,923,593,311,550,972,509
"C_025353.1_89_716",1063,623,764,978,883,467,284,614,920,421,609,516,561,737,809,820
"373658.1_90_717",1063,623,764,978,883,467,284,614,920,421,609,516,561,737,809,820
"C_002526.1_91_718",2212,629,1145,1679,959,352,142,577,1312,338,714,631,1181,711,994,1323
"A632541.4_92_719",942,616,900,608,740,585,361,582,1022,598,931,594,361,469,953,611
"C_009029.2_93_720",942,616,900,608,740,585,361,582,1022,598,931,594,361,469,953,611
"082200.2_94_721",847,655,839,552,852,575,307,619,911,589,823,537,283,534,891,487
"057643.1_95_722",901,692,896,603,879,601,323,648,967,626,878,555,345,533,928,572
"A274504.1_96_723",827,679,880,625,829,575,372,648,992,653,923,600,362,517,993,546
"A274505.1_97_724",829,680,880,624,830,575,372,648,993,654,922,599,360,516,994,545
"196120.1_98_725",110,43,72,88,76,35,11,55,66,45,70,47,60,54,75,76
"196119.1_99_726",513,238,330,452,349,150,46,247,303,216,200,225,367,188,368,333
"196118.1_100_727",856,374,573,772,485,222,73,329,581,222,270,284,652,291,441,554
"485038.1_101_728",863,368,568,783,491,230,67,318,576,222,271,277,651,286,440,568
"485036.1_102_729",112,43,74,85,75,39,12,53,64,46,71,48,62,51,72,76
"485037.1_103_730",523,229,331,463,351,149,47,238,298,224,196,216,373,183,360,344
"T272830.1_104_731",133,66,61,73,66,38,16,63,65,36,59,37,68,43,61,83
"896558.1_105_732",135,47,86,89,62,30,18,68,80,44,70,50,79,57,71,96
"896559.1_106_733",680,222,313,500,337,120,56,236,327,170,183,208,371,238,335,376
"896560.1_107_734",1068,361,502,831,485,168,98,317,575,219,253,262,634,321,456,615
"G029275.1_108_735",937,349,494,789,472,166,97,317,563,219,261,261,596,318,452,615
"G029276.1_109_736",605,220,303,480,333,121,57,246,323,175,187,207,346,241,345,383
"G029277.1_110_737",137,51,89,89,63,29,17,73,82,44,71,52,83,58,72,98
"572068.1_111_738",982,325,514,896,483,145,24,280,505,197,205,240,747,264,405,637
"572069.1_112_739",688,237,281,560,333,100,15,197,286,131,154,207,458,177,328,416
"572070.1_113_740",175,42,72,99,71,46,7,55,69,38,47,40,72,53,69,79
"C_007580.2_114_741",985,722,856,631,903,566,356,555,998,619,884,561,307,473,966,556
"A632544.1_115_742",909,653,795,641,849,495,324,532,948,572,832,517,291,480,919,535
"484303.1_116_743",947,357,493,804,485,151,62,311,503,185,213,280,667,316,413,661
"484304.1_117_744",594,228,279,514,327,121,35,226,300,154,168,187,393,207,327,378
"484305.1_118_745",115,47,67,69,69,36,16,57,58,42,54,48,56,54,64,87
"G696865.2_119_746",115,55,67,72,71,39,16,55,62,37,53,47,60,50,63,89
"G820264.1_120_747",593,230,278,514,332,125,33,226,298,153,171,189,391,208,329,379
"G828823.1_121_748",955,359,499,810,485,150,52,319,503,185,208,277,679,312,414,656
"C734551.1_122_749",924,709,857,673,847,529,352,537,1011,576,903,560,380,452,938,540
"C734552.1_123_750",926,708,857,674,847,529,351,540,1010,577,904,558,381,454,937,538
"C481679.1_124_751",808,725,792,582,946,661,393,623,893,673,912,523,259,564,904,500
"A632539.4_125_752",808,719,789,587,946,665,396,612,888,671,919,526,260,564,900,504
"T272831.1_126_753",588,239,297,530,339,95,26,187,298,135,151,213,428,178,323,412
"T272832.1_127_754",1001,344,475,833,511,156,32,316,487,197,212,244,653,318,421,687
"409176.1_128_755",1072,947,932,725,1071,620,509,635,840,725,661,622,692,543,746,477
"A079457.1_129_756",1071,943,935,723,1066,619,514,634,838,720,659,633,696,552,742,475
"147993.1_130_757",1021,930,793,685,1003,795,652,602,846,720,543,564,559,607,685,610
"C_016961.1_131_758",1021,930,793,685,1003,795,652,602,846,720,543,564,559,607,685,610
"583163.1_132_759",824,602,880,642,833,594,256,655,993,594,955,616,298,549,1066,586
"583169.1_133_760",822,602,882,639,830,597,257,658,993,597,957,614,300,547,1064,584
"028857.1_134_761",781,604,865,593,810,548,296,617,924,621,936,539,328,499,923,483
"785427.1_135_762",773,596,845,587,796,542,296,606,904,614,926,533,327,489,910,482
"A542967.1_136_763",539,231,263,509,341,104,62,206,255,181,138,215,406,197,326,334
"A542966.1_137_764",532,227,267,517,343,102,56,207,256,182,140,209,411,197,324,338
"A100605.1_138_765",548,225,259,520,331,100,64,208,254,175,137,214,418,203,320,326
"C_018465.1_139_766",946,358,467,836,517,169,92,319,518,236,217,255,627,333,450,625
"C_018460.1_140_767",78,46,45,64,70,52,15,57,44,46,46,39,41,50,69,71
"C_018459.1_141_768",550,234,259,516,336,103,65,211,253,176,139,219,420,202,324,327
"896454.1_142_769",96,47,56,81,66,26,6,57,69,37,61,34,49,45,78,67
"896455.1_143_770",509,236,327,463,309,136,56,259,294,180,179,224,422,208,316,367
"896456.1_144_771",931,379,537,731,468,190,65,366,530,216,195,274,649,303,419,630
"C_043606.1_145_772",94,40,54,75,59,24,8,54,63,36,56,30,47,44,67,64
"C_043607.1_146_773",918,379,528,729,464,185,66,359,528,211,193,270,645,298,415,627
"C_043608.1_147_774",516,229,319,456,303,138,63,247,290,179,172,223,411,205,310,358
"484335.1_148_775",116,56,68,66,70,34,16,52,64,37,66,53,56,45,70,76
"484334.1_149_776",558,243,311,486,359,103,30,236,279,175,165,223,402,207,335,351
"484333.1_150_777",866,355,500,760,515,196,53,346,497,219,245,286,604,340,448,630
"C_043548.1_151_778",557,249,309,485,365,101,30,236,278,175,164,218,399,207,332,355
"C_043547.1_152_779",118,58,66,67,71,34,15,54,64,37,64,50,55,45,70,76
"C_043546.1_153_780",857,364,504,756,515,199,58,348,507,218,237,288,601,339,451,621
"484341.1_154_781",48,44,64,59,73,39,14,62,47,54,47,52,48,51,74,76
"484340.1_155_782",496,257,257,473,363,137,43,232,236,184,164,206,388,197,327,337
"484339.1_156_783",891,385,452,790,532,187,111,322,511,242,227,271,584,339,461,547
"734996.1_157_784",41,36,56,47,64,35,13,46,42,48,44,40,33,39,61,56
"735053.1_158_785",484,250,254,465,359,137,41,225,230,181,149,198,379,194,315,323
"735110.1_159_786",881,378,444,779,523,184,112,319,508,239,223,265,570,337,456,537
"792682.1_160_787",107,40,65,68,62,22,8,46,63,41,43,36,48,34,67,57
"792683.1_161_788",591,212,249,501,314,86,25,178,236,139,131,229,413,165,330,395
"792684.1_162_789",973,338,451,855,486,153,44,321,481,222,159,231,676,291,439,679
"426667.1_163_790",287,177,169,379,241,195,202,290,204,171,92,230,280,385,234,373
"426668.1_164_791",211,188,180,250,205,113,158,131,254,141,125,124,160,165,181,195
"426670.1_165_792",174,102,153,192,128,47,108,72,203,99,123,115,116,107,156,121
"426671.1_166_793",130,110,138,161,122,47,95,88,195,98,105,114,93,97,173,165
"426672.1_167_794",102,82,58,144,104,107,80,151,82,94,35,87,98,159,125,168
"426673.1_168_795",93,81,44,92,97,92,57,112,69,51,33,84,51,135,103,147
"426674.1_169_796",83,85,74,88,100,47,68,58,78,74,72,64,68,68,74,78
"426675.1_170_797",149,59,105,90,79,24,50,40,135,47,91,48,41,63,74,56
"426676.1_171_798",56,38,39,63,49,41,53,66,38,57,24,62,53,73,65,100
"813491.1_172_799",756,643,816,570,829,585,341,615,908,627,870,516,292,515,894,527
"813492.1_173_800",761,649,824,563,824,566,339,628,902,621,863,527,310,521,887,519
"G182017.2_174_801",767,614,754,591,834,596,423,572,859,674,911,541,266,541,897,449
"C_029055.1_175_802",787,621,743,595,840,587,410,579,855,668,903,536,264,540,906,455
"484332.1_176_803",115,59,65,63,68,40,18,57,64,42,60,44,55,42,67,83
"484331.1_177_804",568,266,294,484,359,114,38,200,286,167,173,200,399,165,321,392
"484330.1_178_805",899,372,501,795,540,168,53,298,509,199,222,281,619,320,435,646
"271965.1_179_806",800,875,813,564,908,770,723,607,857,818,764,643,486,546,782,488
"699763.1_180_807",802,874,815,563,906,767,723,608,858,817,763,644,487,547,781,489
"C_043636.1_181_808",117,40,70,85,67,29,17,57,68,43,66,48,59,58,72,79
"C_043638.1_182_809",525,246,323,463,339,137,53,232,302,182,191,233,390,196,341,359
"C_043637.1_183_810",955,402,499,783,485,187,94,359,562,212,228,250,636,324,431,533
"817332.1_184_811",117,40,70,85,67,29,17,57,68,43,66,48,59,58,72,79
"817331.1_185_812",525,246,323,463,339,137,53,232,302,182,191,233,390,196,341,359
"817330.1_186_813",955,402,499,783,485,187,94,359,562,212,228,250,636,324,431,533
"086249.1_187_814",878,849,828,614,922,700,645,614,802,745,674,643,566,588,717,520
"796243.1_188_815",918,777,840,691,880,714,541,602,872,684,682,655,557,562,830,634
"028843.1_189_816",973,874,888,666,951,774,645,617,896,802,765,654,582,536,819,536
"987780.1_190_817",960,876,883,665,937,776,650,618,901,794,763,655,586,535,817,533
"A632542.4_191_818",847,701,817,611,877,690,431,585,944,686,936,500,307,506,882,473
"461639.1_192_819",844,700,821,611,880,688,431,589,945,690,938,498,306,510,881,461
"609173.1_193_820",803,642,828,555,808,563,401,593,898,646,868,522,318,514,838,500
"C183732.1_194_821",806,646,826,554,813,577,400,594,896,649,870,517,316,513,836,482
"566194.1_195_822",1114,542,745,1024,803,450,255,627,997,366,679,495,511,777,857,878
"C_028241.1_196_823",1720,770,999,1478,1017,494,161,725,1202,355,781,674,1027,778,1071,1225
"085030.1_197_824",1720,770,999,1478,1017,494,161,725,1202,355,781,674,1027,778,1071,1225
"842816.1_198_825",802,818,805,624,933,683,595,589,812,751,672,632,503,548,794,531
"842817.1_199_826",793,817,802,626,936,667,595,599,812,754,678,630,498,559,798,528
"204996.1_200_827",1114,542,745,1024,803,450,255,627,997,366,679,495,511,777,857,878
"867177.1_201_828",609,239,291,531,353,97,31,217,269,162,144,210,438,200,319,406
"867178.1_202_829",946,365,509,842,473,148,58,320,546,194,229,252,696,292,425,637
"867179.1_203_830",115,48,64,84,64,37,16,50,71,33,50,38,60,49,62,80
"867180.1_204_831",612,235,292,535,342,91,30,220,272,160,144,211,447,197,321,405
"867181.1_205_832",946,364,514,835,475,150,58,320,551,195,224,255,686,294,429,636
"C_038673.1_206_833",681,774,800,620,834,722,696,587,891,797,842,677,468,547,869,538
"A075256.1_207_834",681,774,800,620,834,722,696,587,891,797,842,677,468,547,869,538
"C_038286.1_208_835",1127,617,852,928,877,513,257,637,1003,433,650,496,518,720,823,819
"178986.1_209_836",1127,617,852,928,877,513,257,637,1003,433,650,496,518,720,823,819
"69205.1_210_837",911,867,866,636,981,824,716,592,880,837,641,585,507,586,720,558
"69205.1_211_838",911,867,866,636,981,824,716,592,880,837,641,585,507,586,720,558
"771232.1_212_839",1065,958,940,713,1067,636,523,633,856,717,648,628,688,548,738,460
"A079456.1_213_840",1071,941,929,731,1066,618,513,634,843,723,661,626,691,550,750,474
"C_018705.3_214_841",974,705,883,703,880,482,342,513,1025,598,870,575,385,432,973,602
"782455.1_215_842",77,73,132,115,128,137,32,133,119,101,87,85,72,119,141,138
"782456.1_216_843",278,177,334,262,305,158,41,276,286,196,279,234,181,249,341,287
"782457.1_217_844",502,287,594,522,495,287,60,424,545,300,373,302,362,392,493,465
"687307.1_218_845",76,79,134,114,132,140,35,131,121,98,84,84,73,121,134,134
"687306.1_219_846",286,179,333,264,308,166,41,271,288,196,271,233,179,245,343,281
"687305.1_220_847",495,292,588,518,502,281,61,417,543,297,381,306,353,391,497,481
"254775.1_221_848",112,53,79,76,72,35,22,64,73,41,63,53,63,64,66,95
"254774.1_222_849",538,235,300,452,349,108,45,212,316,167,163,205,322,205,343,371
"254773.1_223_850",910,340,521,793,501,175,65,320,584,206,232,264,569,341,467,606
"C_034488.1_224_851",538,235,300,452,349,108,45,212,316,167,163,205,322,205,343,371
"C_034476.1_225_852",112,53,79,76,72,35,22,64,73,41,63,53,63,64,66,95
"C_034475.1_226_853",910,340,521,793,501,175,65,320,584,206,232,264,569,341,467,606
"264267.1_227_854",899,361,525,754,498,179,99,323,553,230,248,264,588,329,423,578
"264268.1_228_855",563,221,301,498,333,117,45,201,287,174,155,211,399,184,326,369
"264269.1_229_856",132,51,63,69,68,35,21,55,55,51,58,53,59,42,75,70
"506818.1_230_857",124,52,60,70,68,40,22,50,57,48,62,54,56,40,77,71
"506823.1_231_858",578,251,268,473,325,109,54,228,270,175,175,205,396,181,328,370
"506828.1_232_859",923,359,500,742,517,180,99,323,530,243,268,264,553,337,438,575
"917539.1_233_860",912,660,820,674,833,436,316,485,967,560,822,538,353,414,930,563
"C_034491.1_234_861",577,276,294,483,384,133,53,185,295,163,181,220,373,183,331,317
"C_034492.1_235_862",940,411,522,754,549,211,83,348,542,236,251,242,595,333,415,526
"867199.1_236_863",992,398,464,823,513,171,46,305,501,182,213,275,670,284,448,647
"867198.1_237_864",581,277,299,498,346,112,36,217,296,150,174,209,431,172,320,381
"867197.1_238_865",89,37,60,90,72,29,16,50,60,37,64,54,54,64,75,90
"G544835.1_239_866",948,380,484,776,508,176,41,341,484,187,234,270,647,323,416,653
"102378.2_240_867",531,262,307,513,362,124,33,219,287,154,179,211,432,198,312,415
"015350.1_241_868",113,63,69,71,74,32,10,57,68,36,58,40,61,41,66,91
"484314.1_242_869",113,61,70,71,73,31,10,56,68,36,57,41,62,42,65,91
"484313.1_243_870",531,259,307,513,361,124,33,217,287,154,179,211,431,198,312,415
"484312.1_244_871",931,379,490,776,509,172,41,341,490,189,235,269,647,323,417,652
"A174533.1_245_872",166,188,173,170,211,232,293,159,226,267,230,198,94,208,224,164
"A174534.1_246_873",104,97,72,72,110,101,88,78,79,89,64,72,52,90,79,88
"C_002690.1_247_874",166,188,173,170,211,232,293,159,226,267,230,198,94,208,224,164
"C_002691.1_248_875",104,97,72,72,110,101,88,78,79,89,64,72,52,90,79,88
"514679.1_249_876",514,218,313,456,335,119,33,214,280,158,208,217,372,206,309,352
"507343.1_250_877",81,48,48,46,49,33,15,47,54,27,41,31,39,36,49,57
"507336.1_251_878",875,342,496,749,500,172,51,329,496,224,238,263,591,314,436,640
"514678.1_252_879",514,218,313,456,336,119,32,214,279,158,209,217,372,206,309,352
"507342.1_253_880",81,48,48,46,49,33,15,47,54,27,41,31,39,36,49,57
"507335.1_254_881",875,342,496,749,500,172,51,329,496,224,238,263,591,314,436,640
"896517.1_255_882",523,207,293,483,333,117,41,237,288,193,159,224,363,210,371,338
"896518.1_256_883",933,331,523,810,498,160,55,323,571,201,229,270,596,343,464,608
"G029284.1_257_884",937,339,527,813,503,163,55,328,572,201,231,275,603,346,466,613
"G029285.1_258_885",606,220,304,507,346,119,43,244,297,197,168,228,387,216,375,355
"G029286.1_259_886",105,59,90,82,76,36,20,72,81,42,72,57,73,67,70,108
"G452954.1_260_887",939,661,878,649,819,554,375,574,974,618,857,587,395,489,926,637
"751871.1_261_888",916,645,897,658,806,540,372,591,983,633,848,586,410,491,933,642
"C_043581.1_262_889",98,55,77,64,62,46,17,56,70,40,63,49,63,40,65,82
"484290.1_263_890",114,59,64,66,67,38,18,59,61,40,60,46,61,46,64,87
"C_034480.1_264_891",190,68,76,113,89,33,10,47,77,38,55,37,90,40,66,66
"C_034490.1_265_892",656,233,276,568,319,108,20,208,285,139,149,191,472,175,319,438
"861965.1_266_893",101,55,75,69,65,30,14,62,67,38,61,47,66,48,63,88
"861966.1_267_894",530,240,321,470,361,129,26,220,272,172,192,230,397,195,327,380
"861967.1_268_895",894,358,515,776,528,205,51,321,505,211,247,275,615,331,425,612
"C_043620.1_269_896",106,62,72,63,63,33,14,64,64,34,60,50,69,45,62,88
"C_043619.1_270_897",531,251,315,458,367,132,37,222,273,178,192,225,383,197,324,377
"C_043618.1_271_898",882,354,521,779,525,203,52,320,510,213,247,274,618,330,424,617
"896586.1_272_899",141,45,84,90,60,31,20,70,77,46,68,48,83,58,67,99
"896587.1_273_900",649,226,316,536,343,111,57,221,310,183,172,210,424,213,330,357
"896588.1_274_901",909,339,492,769,461,158,88,312,556,215,240,257,584,307,447,598
"G029274.1_275_902",144,49,87,90,61,31,19,73,78,46,69,50,86,58,68,99
"G029273.1_276_903",606,222,314,515,335,112,58,220,307,182,173,210,408,209,327,352
"G029272.1_277_904",940,351,508,782,473,162,91,322,566,221,249,265,601,314,453,608
"C_038726.1_278_905",81,46,61,60,61,34,20,58,67,44,31,30,39,48,60,66
"554987.1_279_906",859,871,811,693,966,617,595,650,820,729,637,624,589,611,767,622
"379833.1_280_907",116,60,69,71,72,35,12,58,73,30,60,44,54,52,66,76
"379834.1_281_908",558,250,312,480,337,116,37,222,299,159,164,214,406,187,322,392
"379835.1_282_909",939,342,480,786,497,185,41,366,482,222,222,264,628,340,447,642
"100131.1_283_910",523,250,315,462,365,133,45,216,286,178,190,221,375,198,325,380
"100132.1_284_911",927,349,491,785,505,178,40,357,493,212,215,269,626,341,443,651
"564829.1_285_912",113,62,73,66,69,36,13,59,71,30,60,47,60,49,62,77
"245554.1_286_913",907,368,488,791,499,186,46,325,513,179,246,275,634,323,433,610
"245553.1_287_914",603,252,290,502,321,109,40,199,287,128,185,220,435,180,305,404
"245552.1_288_915",103,50,61,97,63,24,11,57,61,30,62,46,83,51,65,89
"245551.1_289_916",913,379,487,785,498,176,53,336,519,171,241,277,633,337,427,591
"245550.1_290_917",597,246,290,514,314,105,46,194,293,123,185,217,442,185,297,412
"245549.1_291_918",101,49,60,98,65,26,10,56,61,30,66,44,80,52,65,90
"C_038735.1_292_919",523,233,291,435,325,147,75,245,298,191,184,223,335,221,346,339
"C_038736.1_293_920",872,366,548,735,533,191,76,326,558,239,279,264,557,330,438,548
"399029.1_294_921",908,926,856,599,949,798,721,583,896,774,722,659,535,554,752,456
"015063.1_295_922",904,931,858,596,956,782,715,594,897,781,723,650,531,554,755,462
"554975.1_296_923",849,864,813,685,966,613,592,644,821,730,637,617,574,608,763,592
"287663.1_297_924",1094,697,908,785,915,535,272,585,1001,531,868,549,474,544,900,536
"955373.1_298_925",1205,746,925,737,941,569,236,571,1006,481,751,475,461,522,801,563
"921933.1_299_926",1083,708,897,761,908,538,260,571,995,525,826,510,464,506,872,548
"488257.1_300_927",1191,746,958,728,942,497,248,557,1048,487,760,484,441,514,814,551
"287667.1_301_928",1078,693,898,763,906,533,266,558,992,524,849,522,456,513,874,536
"452017.1_302_929",1176,743,944,723,935,493,243,581,1028,495,755,474,448,520,810,571
"188543.1_303_930",1116,721,893,742,917,533,263,549,993,505,809,507,446,503,849,570
"188544.1_304_931",1107,725,895,734,920,528,260,558,994,509,805,505,441,503,853,578
"287662.1_305_932",1081,698,899,758,906,529,254,554,991,509,830,521,458,507,868,540
"452030.1_306_933",1181,743,940,712,932,483,235,567,1023,487,749,471,440,504,806,552
"405201.1_307_934",1110,729,902,729,918,527,255,550,994,523,785,480,448,470,841,559
"452054.1_308_935",1123,714,891,729,893,523,267,552,993,516,791,494,447,483,845,556
"452024.1_309_936",1173,740,942,715,927,478,242,570,1026,489,742,469,444,511,800,547
"955462.1_310_937",1134,738,915,691,935,492,238,556,974,520,820,481,436,471,822,586
"452018.1_311_938",1171,742,938,713,924,481,238,568,1025,485,748,470,444,503,804,552
"189365.1_312_939",1066,694,881,751,899,528,267,524,992,498,840,520,435,498,862,542
"452015.1_313_940",1185,721,938,716,939,488,234,554,1006,489,750,475,430,516,798,556
"287661.1_314_941",1093,692,879,748,895,521,256,553,976,500,825,514,448,512,855,526
"452025.1_315_942",1173,738,935,715,921,478,240,563,1023,481,749,468,443,505,798,554
"357906.1_316_943",1185,729,911,744,932,493,241,537,988,492,756,480,464,489,808,533
"188549.1_317_944",1199,724,928,721,912,498,242,552,1004,479,759,476,457,503,789,536
"955365.1_318_945",1209,726,922,733,929,509,241,538,1003,476,756,472,449,506,787,523
"452032.1_319_946",1165,738,939,715,927,477,234,566,1025,485,745,467,440,504,804,548
"188547.1_320_947",1108,719,886,727,909,515,251,552,990,495,794,499,433,497,848,552
"G601754.1_321_948",1035,682,890,706,882,562,242,565,978,488,871,510,417,519,845,579
"287660.1_322_949",1087,691,879,749,893,514,260,554,978,498,813,513,448,518,849,521
"891766.1_323_950",1122,743,902,673,920,507,251,548,956,522,826,492,443,454,816,588
"891767.1_324_951",1081,718,896,728,915,525,237,553,987,494,802,503,440,493,851,540
"452042.1_325_952",1156,734,924,704,909,469,242,559,1012,478,739,461,440,499,785,547
"482616.1_326_953",1094,716,892,731,902,521,255,533,999,496,802,499,437,478,848,552
"450312.1_327_954",1095,714,894,723,907,518,255,539,991,497,804,503,433,490,843,545
"G877557.1_328_955",1073,705,895,728,897,523,255,539,991,499,815,503,439,487,844,557
"G199892.1_329_956",1192,727,924,724,921,509,238,543,1006,480,769,466,447,496,790,517
"452031.1_330_957",1161,738,940,709,922,474,240,561,1024,485,744,463,441,499,793,551
"410184.1_331_958",1092,707,904,731,908,510,244,536,992,495,800,501,441,486,841,555
"937185.1_332_959",1179,710,935,724,941,522,226,514,1012,479,759,480,415,492,810,543
"937186.1_333_960",1178,709,937,723,942,518,227,513,1012,478,764,481,414,495,807,543
"937187.1_334_961",1177,707,931,717,937,521,237,519,1002,484,764,487,415,502,805,536
"386865.1_335_962",1102,718,895,726,903,530,249,547,991,501,790,489,445,480,837,538
"873808.1_336_963",1213,717,919,732,917,504,233,535,993,478,757,472,457,491,791,531
"452043.1_337_964",1162,735,930,705,916,471,240,555,1016,478,741,462,438,499,785,548
"937188.1_338_965",1179,708,934,725,938,518,226,514,1008,484,760,476,420,487,808,555
"937190.1_339_966",1179,699,940,726,939,511,223,511,1008,483,766,480,417,492,808,558
"955362.1_340_967",1210,728,920,728,919,499,230,544,996,475,760,471,461,490,792,516
"452065.1_341_968",1111,709,890,724,885,518,259,551,993,509,784,490,445,478,843,550
"922560.1_342_969",1020,691,910,682,882,578,247,567,994,481,841,516,407,524,835,563
"703761.1_343_970",1048,884,926,708,930,736,624,629,905,750,719,669,682,550,774,493
"703762.1_344_971",1045,885,925,708,931,732,628,627,906,750,719,671,680,552,774,494
"C_038727.1_345_972",484,258,310,413,347,140,65,258,306,201,187,209,329,211,340,361
"C_038728.1_346_973",870,367,543,725,496,197,71,335,567,226,262,260,573,309,439,556
"792658.1_347_974",81,46,61,60,61,34,20,58,67,44,31,30,39,48,60,66
"792659.1_348_975",484,258,310,413,347,140,65,258,306,201,187,209,329,211,340,361
"792660.1_349_976",870,367,543,725,496,197,71,335,567,226,262,260,573,309,439,556
"C_034479.1_350_977",1002,358,478,856,478,150,52,314,531,173,201,241,682,313,415,689
"C_009026.2_351_978",964,617,894,611,821,587,332,599,954,634,927,540,346,501,902,585
"A632536.4_352_979",964,617,894,611,821,587,332,599,954,634,927,540,346,501,902,585
"484289.1_353_980",546,266,304,439,359,136,42,219,288,185,188,212,362,170,339,396
"484288.1_354_981",900,344,515,775,512,173,46,338,514,233,221,263,608,319,449,655
"063894.1_355_982",108,57,66,70,70,34,13,55,71,29,63,42,53,52,62,73
"063893.1_356_983",542,242,319,478,347,116,27,219,301,158,168,215,391,193,327,387
"063892.1_357_984",929,348,488,780,508,177,41,361,490,213,214,269,618,349,442,636
"C_016962.1_358_985",856,880,845,635,877,703,736,648,900,797,737,722,583,584,838,535
"147985.1_359_986",856,880,845,635,877,703,736,648,900,797,737,722,583,584,838,535
"C_043579.1_360_987",560,264,320,460,332,114,32,223,281,168,173,240,430,155,337,358
"C_043580.1_361_988",959,350,482,804,458,166,38,327,483,166,232,304,694,307,433,670
"299972.1_362_989",108,57,74,62,67,33,15,59,68,37,60,49,57,47,65,84
"299973.1_363_990",549,227,317,483,360,130,26,209,289,168,187,202,377,200,316,399
"299974.1_364_991",916,378,489,775,531,178,53,338,503,214,234,253,607,330,428,642
"C_001786.1_365_992",944,863,887,722,991,730,514,579,851,657,611,642,629,565,749,551
"73745.1_366_993",944,863,887,722,991,730,514,579,851,657,611,642,629,565,749,551
"C_043110.1_367_994",814,589,782,592,873,499,288,603,839,601,861,566,251,574,936,513
"859056.1_368_995",814,589,782,592,873,499,288,603,839,601,861,566,251,574,936,513
"225264.1_369_996",908,625,907,592,784,545,311,617,995,613,891,550,345,474,941,549
"225264.1_370_997",908,625,907,592,784,545,311,617,995,613,891,550,345,474,941,549
"684972.1_371_998",876,658,817,659,824,479,330,510,963,547,871,530,347,459,893,520
"684972.1_372_999",876,658,817,659,824,479,330,510,963,547,871,530,347,459,893,520
"254772.1_373_1000",135,54,79,93,71,32,20,61,77,39,73,56,78,59,73,110
